郑州|高新区|3室2厅|87.27|南|精装|34|板楼|130
郑州|高新区|4室2厅|131.03|南北|精装|27|板塔结合|255
郑州|高新区|4室2厅|128.21|南西北|精装|34|板楼|165
郑州|高新区|3室1厅|87.74|南|简装|7|板楼|136
郑州|高新区|3室2厅|90.65|南|精装|32|板塔结合|126
郑州|高新区|3室2厅|126.41|南|简装|18|板楼|1845
郑州|高新区|3室1厅|139.95|南北|精装|34|板楼|200
郑州|高新区|3室2厅|110.74|南北|毛坯|18|板塔结合|133
郑州|高新区|2室1厅|104.57|南|精装|18|塔楼|111
郑州|高新区|3室2厅|86.67|南|精装|33|塔楼|124
郑州|高新区|3室2厅|86.67|南北|精装|27|板楼|173
郑州|高新区|3室2厅|104.09|南北|简装|18|板楼|113
郑州|高新区|3室2厅|85.11|南|简装|34|板楼|116
郑州|高新区|3室2厅|96.01|南北|精装|6|板楼|126
郑州|高新区|2室2厅|85.99|南|精装|15|板楼|103
郑州|高新区|3室2厅|88.61|东北|精装|34|板塔结合|114
郑州|高新区|3室2厅|75.12|南北西|简装|20|板塔结合|1175
郑州|高新区|3室2厅|89.88|南|精装|28|板塔结合|152
郑州|高新区|4室2厅|81.62|南|精装|11|板楼|118
郑州|高新区|3室1厅|108.07|南北|精装|17|板塔结合|129
郑州|高新区|4室2厅|125.31|南西|精装|26|板楼|170
郑州|高新区|3室2厅|125.31|南北|简装|18|塔楼|143
郑州|高新区|3室1厅|90.67|南|精装|32|板塔结合|119
郑州|高新区|4室2厅|90.67|南北|精装|15|板楼|200
郑州|高新区|3室2厅|89.04|东南|毛坯|34|板楼|121
郑州|高新区|3室2厅|89.04|东南南北|简装|18|板塔结合|130
郑州|高新区|3室2厅|108.36|东南|简装|18|板楼|149
郑州|高新区|3室2厅|88.44|南|简装|34|板塔结合|113
郑州|高新区|2室2厅|81.61|南|精装|33|板楼|122
郑州|高新区|2室1厅|73.55|西北|简装|23|塔楼|735
郑州|高新区|4室2厅|111.23|南北|精装|33|板塔结合|210
郑州|高新区|3室2厅|88.97|南|精装|22|板塔结合|135
郑州|高新区|2室2厅|88.97|南|精装|17|塔楼|110
郑州|高新区|3室2厅|88.28|南北|精装|34|板楼|156
郑州|高新区|3室2厅|89.71|南|精装|30|塔楼|132
郑州|高新区|3室1厅|89.71|南北|精装|34|板塔结合|145
郑州|高新区|3室2厅|89.71|南北|精装|33|板塔结合|140
郑州|高新区|2室2厅|89.71|南|简装|7|板楼|120
郑州|高新区|2室2厅|89.63|南|简装|33|板楼|125
郑州|高新区|3室2厅|89.63|南北|简装|15|板楼|123
郑州|高新区|1室1厅|47.69|北|简装|33|板塔结合|60
郑州|高新区|3室2厅|109.31|南北|精装|18|板楼|138
郑州|高新区|3室2厅|89.26|西南|毛坯|34|板楼|175
郑州|高新区|3室1厅|89.85|南|精装|34|板楼|124
郑州|高新区|1室2厅|51.88|东北|简装|33|板塔结合|675
郑州|高新区|2室1厅|68.59|南西|简装|34|板塔结合|91
郑州|高新区|2室1厅|87.65|东|精装|18|板楼|113
郑州|高新区|3室2厅|84.17|南北|精装|33|板楼|116
郑州|高新区|3室2厅|89.72|南北|精装|34|板楼|126
郑州|高新区|2室2厅|83.85|南北|简装|7|板楼|75
郑州|高新区|3室2厅|83.85|南北|精装|34|板楼|169
郑州|高新区|3室1厅|88.08|南|精装|33|板楼|1149
郑州|高新区|3室2厅|111.69|西南|精装|33|板楼|150
郑州|高新区|1室1厅|55.92|西北|简装|17|板楼|75
郑州|高新区|3室1厅|106.88|南|精装|27|板楼|156
郑州|高新区|2室1厅|40.86|北|简装|20|板塔结合|46
郑州|高新区|3室2厅|87.27|东南|精装|34|板楼|116
郑州|高新区|1室1厅|45.91|南|其他|34|板塔结合|35
郑州|高新区|2室1厅|71.14|西南|精装|34|板楼|99
郑州|高新区|3室2厅|113.77|南北|精装|31|板塔结合|206
郑州|高新区|3室2厅|90.81|南|精装|33|塔楼|159
郑州|高新区|3室2厅|115.76|南北|精装|26|塔楼|185
郑州|高新区|3室2厅|89.63|南北|简装|34|板楼|129
郑州|高新区|3室2厅|108.81|南北|精装|28|板楼|117
郑州|高新区|3室2厅|86.81|南北|精装|33|板塔结合|159
郑州|高新区|3室2厅|85.11|南|精装|34|板楼|113
郑州|高新区|3室2厅|89.63|南北|精装|34|板楼|125
郑州|高新区|3室2厅|81.59|南|精装|34|板塔结合|120
郑州|高新区|2室2厅|76.24|东南|精装|6|板楼|98
郑州|高新区|2室1厅|100.93|南|简装|17|板楼|99
郑州|高新区|1室0厅|46.91|东南|简装|24|板塔结合|469
郑州|高新区|3室2厅|46.91|南东南|精装|26|板塔结合|122
郑州|高新区|3室1厅|124.51|南北|精装|27|板楼|168
郑州|高新区|3室2厅|88.62|南北|毛坯|34|板塔结合|159
郑州|高新区|2室2厅|78.73|南|其他|34|板楼|165
郑州|高新区|3室1厅|84.31|南|精装|15|板塔结合|110
郑州|高新区|1室1厅|55.88|南|简装|17|板楼|81
郑州|高新区|2室1厅|37.74|北|精装|20|板塔结合|55
郑州|高新区|1室1厅|56.08|南|简装|11|板塔结合|75
郑州|高新区|1室0厅|46.91|东北|精装|24|板塔结合|48
郑州|高新区|3室1厅|99.27|南北|精装|26|塔楼|112
郑州|高新区|3室2厅|91.93|南北|精装|33|板楼|158
郑州|高新区|3室2厅|88.18|西北|精装|15|板楼|995
郑州|高新区|2室1厅|100.93|南|简装|17|板楼|1069
郑州|高新区|3室2厅|126.28|南北|简装|34|板楼|165
郑州|高新区|2室2厅|92.57|南|精装|27|板塔结合|116
郑州|高新区|3室2厅|92.57|南|精装|34|板塔结合|128
郑州|高新区|3室2厅|89.31|南西|其他|34|板楼|130
郑州|高新区|4室2厅|122.41|南|精装|6|板楼|130
郑州|高新区|3室2厅|106.96|南北|毛坯|34|板楼|152
郑州|高新区|3室2厅|111.05|南北|简装|34|板塔结合|150
郑州|高新区|2室2厅|82.01|南|精装|33|板楼|92
郑州|高新区|3室1厅|88.61|西北|精装|34|板塔结合|123
郑州|高新区|1室1厅|55.33|南|精装|30|板楼|83
郑州|高新区|2室1厅|55.33|北|简装|20|板塔结合|51
郑州|高新区|3室2厅|88.15|东南|毛坯|34|板楼|190
郑州|高新区|3室2厅|97.73|南北|精装|15|板楼|120
郑州|高新区|3室1厅|88.24|南|精装|34|板塔结合|103
郑州|高新区|3室2厅|106.14|南北|精装|33|板楼|148
郑州|高新区|2室1厅|54.14|东南|简装|6|板楼|70
郑州|高新区|3室2厅|91.68|东南|毛坯|24|板楼|114
郑州|高新区|3室2厅|134.45|南北|精装|27|板塔结合|155
郑州|高新区|3室2厅|87.03|南|精装|33|塔楼|115
郑州|高新区|2室2厅|72.98|东北|简装|34|板塔结合|945
郑州|高新区|3室2厅|88.29|南|其他|33|板楼|115
郑州|高新区|2室2厅|78.92|南|简装|34|板塔结合|103
郑州|高新区|3室2厅|87.26|南西南|精装|33|板楼|122
郑州|高新区|3室2厅|88.14|东南|精装|6|板楼|91
郑州|高新区|3室2厅|88.14|南北|精装|6|板楼|121
郑州|高新区|3室1厅|94.02|南北|精装|33|板楼|142
郑州|高新区|3室2厅|87.75|东南|简装|34|板楼|116
郑州|高新区|3室2厅|89.67|南北|精装|34|板楼|179
郑州|高新区|3室2厅|88.12|东北|精装|33|塔楼|133
郑州|高新区|3室2厅|106.73|东南|精装|18|塔楼|130
郑州|高新区|1室0厅|42.71|东|简装|9|板楼|348
郑州|高新区|2室1厅|70.47|南|精装|30|塔楼|103
郑州|高新区|3室2厅|121.87|南北|精装|18|板塔结合|136
郑州|高新区|3室2厅|121.87|南|精装|18|塔楼|149
郑州|高新区|3室2厅|117.42|南|精装|34|板楼|260
郑州|高新区|3室2厅|88.61|南|精装|34|板塔结合|115
郑州|高新区|3室2厅|93.89|南北|精装|27|板楼|133
郑州|高新区|2室2厅|57.64|东北|精装|34|暂无数据|75
郑州|高新区|1室0厅|33.05|北|精装|28|板楼|22
郑州|高新区|1室1厅|51.95|北|简装|33|板塔结合|637
郑州|高新区|4室2厅|128.17|南北西|毛坯|34|板楼|140
郑州|高新区|3室2厅|91.88|南|简装|33|板楼|127
郑州|高新区|3室1厅|98.11|东南西|精装|7|板楼|150
郑州|高新区|2室2厅|88.25|南|毛坯|33|板塔结合|110
郑州|高新区|2室2厅|93.26|南|简装|16|板塔结合|122
郑州|高新区|3室2厅|90.63|南北|精装|28|板塔结合|170
郑州|高新区|3室2厅|121.01|南北|精装|6|塔楼|250
郑州|高新区|3室2厅|139.95|南北|精装|34|板楼|198
郑州|高新区|3室2厅|139.95|南北|精装|20|板塔结合|219
郑州|高新区|3室2厅|89.17|南|精装|27|板塔结合|165
郑州|高新区|2室2厅|89.17|东|简装|17|板楼|1198
郑州|高新区|3室2厅|91.83|西南|毛坯|33|板楼|153
郑州|高新区|3室1厅|139.59|南北|其他|6|板楼|137
郑州|高新区|3室2厅|139.59|南北|简装|6|板塔结合|155
郑州|高新区|5室2厅|139.59|南北|其他|3|板楼|380
郑州|高新区|5室1厅|278.87|南北|毛坯|16|板塔结合|330
郑州|高新区|3室2厅|128.18|南北|精装|27|板楼|193
郑州|高新区|3室2厅|89.51|南北|精装|34|板塔结合|170
郑州|高新区|3室1厅|89.51|南北|精装|27|板楼|192
郑州|高新区|2室1厅|77.28|南|精装|34|板楼|103
郑州|高新区|2室1厅|89.33|北南|其他|34|板楼|150
郑州|高新区|3室1厅|78.78|东北|简装|11|板楼|105
郑州|高新区|1室1厅|52.01|北|其他|33|板塔结合|72
郑州|高新区|2室1厅|68.97|西北|其他|32|板塔结合|83
郑州|高新区|4室2厅|139.59|南北|简装|6|板楼|147
郑州|高新区|4室1厅|123.71|北南|精装|34|板楼|185
郑州|高新区|3室2厅|89.67|南|毛坯|34|板楼|135
郑州|高新区|2室2厅|89.67|东北|精装|34|板塔结合|97
郑州|高新区|3室2厅|89.49|南|精装|34|板塔结合|126
郑州|高新区|3室2厅|92.91|西南|精装|33|板塔结合|135
郑州|高新区|3室2厅|92.91|南|精装|32|板塔结合|128
郑州|高新区|4室2厅|149.65|东|精装|11|板塔结合|225
郑州|高新区|2室2厅|83.75|南|精装|11|板楼|100
郑州|高新区|1室1厅|47.58|北|精装|18|板塔结合|72
郑州|高新区|3室2厅|47.58|西南|精装|33|板塔结合|118
郑州|高新区|1室1厅|39.24|东|简装|15|板塔结合|36
郑州|高新区|3室2厅|116.33|南|精装|33|板楼|155
郑州|高新区|2室2厅|93.58|南|简装|6|板楼|125
郑州|高新区|2室1厅|67.79|南北|精装|6|板楼|88
郑州|高新区|3室1厅|89.37|南|简装|30|板塔结合|80
郑州|高新区|3室2厅|89.61|西南|毛坯|33|板塔结合|115
郑州|高新区|3室2厅|131.08|东|简装|18|板楼|170
郑州|高新区|5室1厅|76.83|南北|精装|19|板塔结合|80
郑州|高新区|4室1厅|99.75|东南|简装|34|板塔结合|120
郑州|高新区|4室2厅|165.49|东|简装|34|板塔结合|190
郑州|高新区|4室2厅|114.58|南北|简装|17|板楼|162
郑州|高新区|3室2厅|117.66|南北|精装|7|板楼|187
郑州|高新区|3室1厅|87.67|南西南|简装|27|板楼|114
郑州|高新区|3室2厅|129.91|南北|简装|18|板塔结合|167
郑州|高新区|4室2厅|113.53|东|简装|7|板楼|98
郑州|高新区|3室2厅|130.02|南西南|简装|33|板楼|195
郑州|高新区|4室2厅|90.98|东北|其他|18|板塔结合|142
郑州|高新区|4室2厅|130.91|南北|毛坯|34|板楼|2533
郑州|高新区|3室1厅|113.49|东东南南|精装|6|板楼|142
郑州|高新区|3室2厅|126.13|东|简装|33|板楼|248
郑州|高新区|3室1厅|90.63|南北|简装|27|板塔结合|169
郑州|高新区|3室2厅|109.16|南|精装|17|板楼|127
郑州|高新区|3室2厅|109.16|西南|简装|34|板塔结合|116
郑州|高新区|3室2厅|125.38|南北|精装|7|板塔结合|178
郑州|高新区|3室1厅|120.36|南北|毛坯|16|板塔结合|142
郑州|高新区|2室1厅|48.32|南|简装|20|板塔结合|71
郑州|高新区|3室1厅|94.26|南北|精装|33|板楼|148
郑州|高新区|3室2厅|86.77|南|精装|17|板楼|135
郑州|高新区|3室2厅|88.24|南|其他|34|板塔结合|118
郑州|高新区|3室1厅|89.96|南|其他|34|板楼|123
郑州|高新区|2室1厅|100.93|北|简装|17|板楼|102
郑州|高新区|3室2厅|89.86|南|简装|32|板塔结合|157
郑州|高新区|2室2厅|86.54|南|毛坯|6|板楼|88
郑州|高新区|3室2厅|92.39|南|毛坯|33|板楼|145
郑州|高新区|3室2厅|88.86|南北|简装|34|板楼|175
郑州|高新区|2室2厅|74.48|南北|其他|7|板楼|60
郑州|高新区|3室2厅|109.08|南北|其他|18|板塔结合|156
郑州|高新区|5室2厅|222.88|南|简装|15|板楼|390
郑州|高新区|3室1厅|118.26|南|简装|7|板楼|188
郑州|高新区|4室2厅|130.62|南北|精装|33|板塔结合|259
郑州|高新区|4室2厅|136.99|南北|其他|33|板塔结合|280
郑州|高新区|3室1厅|88.21|南北|其他|34|板楼|120
郑州|高新区|4室2厅|140.71|东南|精装|26|塔楼|215
郑州|高新区|4室2厅|128.51|南北|精装|34|塔楼|165
郑州|高新区|3室2厅|113.53|南|精装|24|板楼|153
郑州|高新区|3室2厅|130.02|南北|精装|33|板楼|222
郑州|高新区|3室1厅|92.25|南|精装|11|板楼|130
郑州|高新区|3室1厅|89.67|南北|简装|34|板楼|140
郑州|高新区|3室1厅|49.91|南|精装|20|板塔结合|75
郑州|高新区|3室1厅|90.33|南|其他|26|板楼|120
郑州|高新区|3室2厅|85.23|西南东南|简装|34|板楼|115
郑州|高新区|3室1厅|49.91|南|精装|20|板塔结合|75
郑州|高新区|4室2厅|115.63|南北|简装|27|板塔结合|194
郑州|高新区|1室0厅|33.64|北|其他|23|板楼|43
郑州|高新区|2室1厅|37.41|东|简装|9|板楼|55
郑州|高新区|5室3厅|37.41|南|精装|4|板楼||965.5万
郑州|高新区|2室2厅|82.46|南|简装|27|板楼|108
郑州|高新区|2室1厅|77.21|南|简装|34|板楼|105
郑州|高新区|3室2厅|124.74|南北|简装|7|板楼|160
郑州|高新区|2室1厅|124.74|南|简装|33|板塔结合|118
郑州|高新区|3室2厅|130.25|南北|其他|7|板楼|200
郑州|高新区|2室2厅|87.84|南北|简装|24|板楼|138
郑州|高新区|2室2厅|83.65|南|简装|33|板楼|1168
郑州|高新区|3室2厅|90.48|南|精装|34|板塔结合|128
郑州|高新区|3室2厅|123.85|南北|简装|34|板楼|218
郑州|高新区|2室1厅|82.76|北|简装|15|板塔结合|57
郑州|高新区|3室2厅|90.39|南|简装|33|板塔结合|130
郑州|高新区|2室1厅|79.15|南|精装|26|板楼|115
郑州|高新区|3室1厅|118.11|南|精装|6|板楼|129
郑州|高新区|2室2厅|89.63|东南|精装|33|板楼|129
郑州|高新区|3室2厅|89.63|东南|精装|34|板塔结合|120
郑州|高新区|2室1厅|88.05|南|其他|11|板楼|109
郑州|高新区|3室1厅|104.23|南|其他|18|塔楼|1175
郑州|高新区|3室2厅|121.68|西南|其他|34|暂无数据|208
郑州|高新区|2室2厅|91.17|南|精装|28|板塔结合|125
郑州|高新区|3室1厅|90.38|南|其他|26|板楼|120
郑州|高新区|2室2厅|87.47|南|精装|34|板塔结合|109
郑州|高新区|2室1厅|66.02|西北|精装|32|板塔结合|93
郑州|高新区|2室2厅|80.77|南|其他|27|板楼|125
郑州|高新区|3室2厅|108.22|南|其他|28|板楼|118
郑州|高新区|1室1厅|57.81|南|简装|23|塔楼|72
郑州|高新区|2室1厅|66.02|西北|精装|32|板塔结合|93
郑州|高新区|1室1厅|63.36|南|其他|23|板楼|85
郑州|高新区|3室2厅|108.22|南|其他|28|板楼|118
郑州|高新区|2室1厅|38.74|北|精装|20|板塔结合|61
郑州|高新区|3室2厅|88.16|南|精装|34|板楼|125
郑州|高新区|3室2厅|86.85|东南|毛坯|34|板楼|120
郑州|高新区|3室1厅|89.72|南西北|精装|34|板楼|160
郑州|高新区|4室2厅|114.05|南|毛坯|8|板楼|308
郑州|高新区|3室2厅|140.49|南北|简装|33|板塔结合|188
郑州|高新区|3室2厅|142.37|南北|其他|33|板塔结合|185
郑州|高新区|4室2厅|148.15|南北|精装|15|板楼|200
郑州|高新区|2室1厅|48.53|南|简装|20|板塔结合|83
郑州|高新区|4室2厅|148.98|南北|精装|5|板楼|325
郑州|高新区|3室2厅|121.51|东南北|其他|7|板楼|210
郑州|高新区|3室2厅|86.77|南|精装|17|板楼|130
郑州|高新区|3室1厅|89.31|南北|精装|34|板塔结合|168
郑州|高新区|3室2厅|89.31|南北|简装|33|板楼|150
郑州|高新区|3室2厅|88.54|南|其他|34|板楼|120
郑州|高新区|3室2厅|99.44|南|精装|34|板塔结合|133
郑州|高新区|3室2厅|133.67|南北|毛坯|33|板塔结合|170
郑州|高新区|3室2厅|94.76|南北|精装|15|板楼|143
郑州|高新区|2室2厅|89.47|南北|简装|6|板楼|106
郑州|高新区|4室3厅|150.27|南西|简装|6|板楼|150
郑州|高新区|3室1厅|150.27|南|简装|34|板楼|127
郑州|高新区|1室1厅|55.92|东北|精装|17|板楼|78
郑州|高新区|3室2厅|89.14|东北|简装|34|板塔结合|118
郑州|高新区|3室2厅|129.67|南北|毛坯|7|板楼|268
郑州|高新区|3室1厅|129.67|南北|精装|7|板楼|207
郑州|高新区|4室2厅|143.83|南北|毛坯|7|板楼|390
郑州|高新区|2室2厅|112.16|东南|简装|11|板塔结合|145
郑州|高新区|2室2厅|112.16|东南|简装|11|板塔结合|145
郑州|高新区|4室2厅|166.88|南|其他|6|暂无数据|140
郑州|高新区|3室2厅|121.95|南东南|精装|7|板楼|206
郑州|高新区|4室2厅|139.92|南北|毛坯|7|板楼|290
郑州|高新区|6室2厅|139.92|南北|毛坯|14|板楼|285
郑州|高新区|3室2厅|90.09|西南|毛坯|18|板塔结合|120
郑州|高新区|3室1厅|142.78|南北|简装|32|板塔结合|198
郑州|高新区|2室2厅|74.24|南北|简装|7|板楼|55
郑州|高新区|3室2厅|140.35|南|简装|10|板楼|196
郑州|高新区|3室1厅|88.88|东北北|精装|15|板塔结合|115
郑州|高新区|3室2厅|118.07|南北|其他|30|板楼|155
郑州|高新区|2室2厅|104.58|东南南|简装|18|板楼|110
郑州|高新区|4室2厅|154.57|南北|毛坯|33|板塔结合|275
郑州|高新区|3室1厅|154.57|南北|毛坯|33|板塔结合|180
郑州|高新区|3室2厅|109.95|南北|简装|34|板塔结合|161
郑州|高新区|3室1厅|89.85|东南|精装|34|板楼|132
郑州|高新区|3室2厅|82.38|南|简装|11|板楼|123
郑州|高新区|2室2厅|87.39|南|简装|33|板塔结合|113
郑州|高新区|3室2厅|126.13|南北|其他|33|板楼|278
郑州|高新区|3室2厅|88.89|南|毛坯|34|板楼|118
郑州|高新区|3室2厅|88.13|南|简装|34|板楼|120
郑州|高新区|3室1厅|117.67|南北|精装|33|板楼|228
郑州|高新区|3室2厅|148.15|南北|精装|15|板楼|195
郑州|高新区|3室2厅|121.03|南|精装|6|塔楼|199
郑州|高新区|3室2厅|88.71|南北|简装|34|塔楼|166
郑州|高新区|3室2厅|139.07|南北|毛坯|7|板楼|390
郑州|高新区|2室2厅|92.91|南|精装|6|板楼|95
郑州|高新区|3室2厅|92.91|南|其他|34|板楼|120
郑州|高新区|3室2厅|92.91|南北|精装|6|板楼|210
郑州|高新区|3室2厅|89.22|南北|精装|34|板楼|123
郑州|高新区|3室2厅|88.13|南|简装|34|板楼|136
郑州|高新区|3室1厅|131.41|东西|精装|34|板塔结合|138
郑州|高新区|3室2厅|108.64|南北|毛坯|6|板楼|125
郑州|高新区|3室2厅|108.64|东南|精装|6|板楼|200
郑州|高新区|2室2厅|112.16|南|精装|11|板塔结合|141
郑州|高新区|3室2厅|130.41|南北|精装|34|板塔结合|145
郑州|高新区|3室2厅|130.41|南|精装|26|板楼|112
郑州|高新区|4室2厅|137.67|南北|精装|33|板楼|285
郑州|高新区|3室2厅|121.03|南北|精装|6|塔楼|210
郑州|高新区|3室2厅|109.79|西|精装|18|板楼|135
郑州|高新区|3室2厅|89.54|东南|简装|34|板塔结合|130
郑州|高新区|3室2厅|90.22|南|精装|26|板楼|140
郑州|高新区|3室2厅|119.62|南|简装|14|板楼|159
郑州|高新区|4室2厅|142.15|南北|毛坯|34|板塔结合|151
郑州|高新区|3室2厅|142.15|东南|精装|34|板塔结合|125
郑州|高新区|3室2厅|111.96|南北|精装|26|塔楼|170
郑州|高新区|3室1厅|46.72|北|其他|20|板塔结合|90
郑州|高新区|3室2厅|111.66|南北|精装|18|塔楼|117
郑州|高新区|3室2厅|108.86|东|简装|28|板楼|116
郑州|高新区|3室2厅|141.39|南|毛坯|34|板楼|183
郑州|高新区|2室1厅|43.42|南|简装|20|板塔结合|71
郑州|高新区|4室2厅|117.75|西|毛坯|34|板楼|165
郑州|高新区|4室2厅|76.51|南|精装|11|板楼|1295
郑州|高新区|3室2厅|91.97|南|简装|18|板塔结合|113
郑州|高新区|3室2厅|89.95|西南|其他|34|板楼|129
郑州|高新区|4室2厅|186.58|南北|毛坯|29|板楼|278
郑州|高新区|3室1厅|110.81|南北|简装|17|塔楼|138
郑州|高新区|4室2厅|75.42|东北|精装|11|板楼|106
郑州|高新区|3室2厅|150.08|西南|其他|11|板塔结合|202
郑州|高新区|3室2厅|119.37|南北|简装|26|板楼|172
郑州|高新区|3室2厅|109.79|西|精装|18|板楼|135
郑州|高新区|3室2厅|89.54|东南|简装|34|板塔结合|130
郑州|高新区|3室2厅|56.44|南北|精装|20|板塔结合|108
郑州|高新区|4室2厅|142.15|南北|毛坯|34|板塔结合|151
郑州|高新区|3室2厅|119.62|南|简装|14|板楼|159
郑州|高新区|3室2厅|90.22|南|精装|26|板楼|140
郑州|高新区|3室2厅|124.17|南北|毛坯|34|板楼|175
郑州|高新区|3室2厅|86.23|南|毛坯|34|板楼|119
郑州|高新区|3室2厅|119.37|南北|精装|26|板楼|179
郑州|高新区|3室1厅|85.71|南北|简装|33|板楼|99
郑州|高新区|3室1厅|103.55|南东南|简装|33|板塔结合|125
郑州|高新区|3室2厅|103.55|南|精装|26|板楼|180
郑州|高新区|3室2厅|84.64|南北|精装|33|板塔结合|130
郑州|高新区|3室2厅|88.52|南|毛坯|34|板楼|110
郑州|高新区|4室2厅|136.91|南北|简装|34|板楼|183
郑州|高新区|3室2厅|111.96|南北|精装|26|塔楼|170
郑州|高新区|3室2厅|111.96|东南|精装|34|板塔结合|125
郑州|高新区|3室2厅|114.96|南北|精装|33|板楼|150
郑州|高新区|4室1厅|122.63|南北|简装|7|板楼|148
郑州|高新区|1室0厅|33.64|北|简装|23|板楼|45
郑州|高新区|3室2厅|33.64|南|其他|6|板楼|210
郑州|高新区|3室2厅|89.24|南北|毛坯|34|板楼|170
郑州|高新区|2室2厅|91.94|南|简装|18|板塔结合|110
郑州|高新区|3室2厅|105.71|南北|毛坯|31|板楼|167
郑州|高新区|2室1厅|74.31|南|精装|27|板塔结合|628
郑州|高新区|2室2厅|68.34|西西北|简装|33|板塔结合|90
郑州|高新区|4室2厅|128.19|南北|毛坯|34|板楼|150
郑州|高新区|2室2厅|87.71|南|简装|18|板楼|118
郑州|高新区|2室2厅|88.91|南|简装|6|板楼|105
郑州|高新区|2室1厅|48.56|西|精装|20|板楼|54
郑州|高新区|3室2厅|111.18|南|简装|18|板楼|140
郑州|高新区|3室2厅|111.18|南北|精装|27|板楼|121
郑州|高新区|2室1厅|87.46|南|精装|34|板塔结合|1091
郑州|高新区|3室2厅|87.36|南|简装|34|板塔结合|115
郑州|高新区|2室2厅|76.23|东南|精装|34|板楼|1045
郑州|高新区|2室1厅|63.64|北|简装|30|板塔结合|56
郑州|高新区|3室2厅|81.69|西南|毛坯|34|板塔结合|110
郑州|高新区|2室2厅|84.02|南|简装|6|板楼|90
郑州|高新区|3室2厅|87.73|南|其他|34|板塔结合|123
郑州|高新区|3室2厅|87.73|南|毛坯|33|板塔结合|133
郑州|高新区|2室2厅|80.66|东南|毛坯|33|板楼|108
郑州|高新区|2室1厅|80.66|北|简装|24|板塔结合|885
郑州|高新区|3室2厅|80.66|南北|其他|2|板楼|125
郑州|高新区|2室1厅|86.21|东南|精装|34|板塔结合|108
郑州|高新区|3室2厅|86.21|南|简装|6|板楼|150
郑州|高新区|3室1厅|86.69|南|简装|18|板楼|117
郑州|高新区|3室1厅|115.35|北|精装|26|塔楼|160
郑州|高新区|3室2厅|115.35|南|毛坯|33|板塔结合|1395
郑州|高新区|3室2厅|88.25|南|毛坯|33|板塔结合|110
郑州|高新区|1室1厅|55.33|南东|毛坯|30|板楼|85
郑州|高新区|2室2厅|87.46|南|精装|34|板塔结合|110
郑州|高新区|3室2厅|88.68|南|精装|26|板楼|135
郑州|高新区|2室1厅|57.04|南|简装|6|板楼|51
郑州|高新区|3室2厅|118.03|南北|简装|6|板楼|121
郑州|高新区|3室1厅|89.13|南|简装|6|板楼|97
郑州|高新区|3室2厅|87.65|南|简装|33|板塔结合|1608
郑州|高新区|3室2厅|87.41|南|精装|33|板楼|123
郑州|高新区|2室1厅|86.21|东南|精装|34|板塔结合|1055
郑州|高新区|3室2厅|129.91|南北|精装|18|板塔结合|166
郑州|高新区|2室1厅|80.74|东南|毛坯|33|板楼|105
郑州|高新区|3室2厅|93.74|南|精装|6|板楼|122
郑州|高新区|3室2厅|93.74|南北|简装|6|板楼|154
郑州|高新区|2室1厅|62.42|南北|精装|11|板楼|89
郑州|高新区|3室2厅|108.22|东南|精装|28|板楼|1237
郑州|高新区|3室2厅|129.18|南|其他|7|板楼|154
郑州|高新区|2室2厅|83.65|南|毛坯|33|板楼|110
郑州|高新区|3室2厅|96.45|南北|简装|6|板楼|91
郑州|高新区|3室2厅|100.01|南|精装|25|板楼|155
郑州|高新区|3室2厅|96.08|南北|简装|6|板楼|118
郑州|高新区|2室1厅|93.14|南|简装|15|塔楼|70
郑州|高新区|2室1厅|80.74|东南|毛坯|33|板楼|105
郑州|高新区|3室2厅|108.45|南北|毛坯|34|板塔结合|133
郑州|高新区|3室2厅|108.45|南北|精装|34|板楼|225
郑州|高新区|3室1厅|85.71|南北|简装|33|板楼|106
郑州|高新区|1室1厅|42.89|北东|简装|44|塔楼|43
郑州|高新区|3室2厅|86.82|南|精装|34|板楼|125
郑州|高新区|3室2厅|86.82|西南|精装|33|塔楼|1205
郑州|高新区|3室2厅|86.82|南北|毛坯|34|板塔结合|152
郑州|高新区|2室1厅|89.83|南北|精装|28|板楼|125
郑州|高新区|1室0厅|89.83|北|其他|23|板楼|45
郑州|高新区|1室1厅|63.36|南|其他|23|板楼|80
郑州|高新区|2室2厅|66.34|南|简装|23|板楼|805
郑州|高新区|1室0厅|33.64|北|简装|23|板楼|46
郑州|高新区|2室1厅|37.65|西|简装|9|板楼|56
郑州|高新区|3室2厅|89.26|南|精装|33|板塔结合|180
郑州|高新区|2室2厅|77.89|南|精装|34|板塔结合|113
郑州|高新区|2室2厅|101.64|南|简装|7|板楼|160
郑州|高新区|3室2厅|133.15|南北|精装|33|板塔结合|185
郑州|高新区|4室2厅|135.67|西|精装|27|板楼|1749
郑州|高新区|4室2厅|79.83|南|精装|19|塔楼|130
郑州|高新区|2室2厅|74.69|南北|简装|7|板楼|63
郑州|高新区|3室1厅|85.31|南北|简装|33|板楼|106
郑州|高新区|3室2厅|113.25|南北|简装|33|板楼|131
郑州|高新区|4室2厅|135.45|南北|简装|27|板楼|182
郑州|高新区|3室2厅|126.58|南北|简装|34|板塔结合|157
郑州|高新区|3室1厅|91.02|南|精装|34|板楼|118
郑州|高新区|4室2厅|138.85|北南西|精装|34|板塔结合|175
郑州|高新区|3室2厅|138.85|西南西|其他|34|板塔结合|180
郑州|高新区|3室1厅|72.71|南北|简装|5|板楼|599
郑州|高新区|4室2厅|142.65|南|精装|8|板楼|235
郑州|高新区|4室2厅|77.18|南北|简装|20|板塔结合|112
郑州|高新区|2室2厅|74.35|南北|简装|7|板楼|62
郑州|高新区|3室2厅|74.35|东南|其他|32|板塔结合|132
郑州|高新区|3室2厅|89.28|南|简装|34|板楼|116
郑州|高新区|3室1厅|89.28|南|简装|34|板楼|145
郑州|高新区|5室2厅|196.41|南|简装|6|板楼|225
郑州|高新区|3室2厅|87.36|南|精装|34|板塔结合|1248
郑州|高新区|3室1厅|87.75|南|简装|27|板楼|115
郑州|高新区|3室2厅|47.85|南西|精装|13|板楼|485
郑州|高新区|3室2厅|110.01|南北|精装|34|板楼|148
郑州|高新区|3室2厅|81.59|东南南西南|精装|34|板塔结合|120
郑州|高新区|4室2厅|131.57|南北|精装|15|板楼|175
郑州|高新区|3室2厅|139.95|东|精装|34|板楼|225
郑州|高新区|4室2厅|151.98|南北|简装|8|板塔结合|120
郑州|高新区|3室1厅|89.49|东|精装|30|板塔结合|86
郑州|高新区|2室2厅|109.15|东|精装|17|板楼|113
郑州|高新区|3室1厅|109.15|南北|精装|34|板塔结合|160
郑州|高新区|3室2厅|109.15|南北|简装|28|板楼|156
郑州|高新区|3室2厅|119.26|东南南西南|简装|14|板楼|160
郑州|高新区|3室2厅|90.82|西南|简装|34|板楼|112
郑州|高新区|3室2厅|90.82|西南|简装|34|板楼|112
郑州|高新区|3室2厅|89.37|南|简装|30|板塔结合|88
郑州|高新区|3室2厅|115.35|南|精装|26|塔楼|170
郑州|高新区|3室2厅|121.89|南北|其他|34|暂无数据|195
郑州|高新区|3室1厅|133.06|东南北|其他|18|板塔结合|165
郑州|高新区|3室2厅|89.51|南|精装|18|板塔结合|116
郑州|高新区|2室1厅|59.87|南|精装|34|板楼|72
郑州|高新区|2室2厅|84.24|南|精装|15|板楼|105
郑州|高新区|3室1厅|88.28|南|精装|34|塔楼|135
郑州|高新区|2室1厅|88.28|南|其他|18|板楼|110
郑州|高新区|2室2厅|87.83|南|其他|18|板楼|132
郑州|高新区|2室1厅|60.43|南|简装|5|板楼|54
郑州|高新区|3室1厅|131.17|南北|简装|18|板楼|175
郑州|高新区|2室2厅|90.29|西南|其他|32|板塔结合|150
郑州|高新区|3室1厅|41.84|南|其他|20|板塔结合|80
郑州|高新区|3室2厅|143.55|北南|其他|33|板塔结合|200
郑州|高新区|2室1厅|91.14|北西|其他|11|板楼|106
郑州|高新区|2室1厅|77.39|南|其他|34|板楼|115
郑州|高新区|2室1厅|83.61|南|简装|34|暂无数据|143
郑州|高新区|2室2厅|82.77|东南|简装|11|板楼|110
郑州|高新区|2室1厅|90.28|南|其他|32|板塔结合|130
郑州|高新区|3室2厅|84.14|南|精装|33|板楼|118
郑州|高新区|3室2厅|86.28|南|精装|34|板楼|140
郑州|高新区|3室1厅|57.89|南|精装|6|板楼|72
郑州|高新区|2室1厅|57.89|南北|其他|7|板楼|80
郑州|高新区|3室2厅|109.06|南北|简装|34|板塔结合|165
郑州|高新区|2室1厅|68.34|北|简装|33|板塔结合|84
郑州|高新区|3室2厅|89.19|西南|精装|34|板塔结合|1305
郑州|高新区|1室1厅|53.05|西北|其他|33|板塔结合|73
郑州|高新区|3室2厅|119.81|南北|精装|18|板塔结合|143
郑州|高新区|2室1厅|85.14|南|其他|26|板楼|119
郑州|高新区|2室1厅|73.82|南北|简装|6|板楼|79
郑州|高新区|1室1厅|73.82|北|简装|33|板塔结合|70
郑州|高新区|2室1厅|41.35|东北|精装|20|板塔结合|59
郑州|高新区|2室2厅|73.07|南|简装|6|板楼|120
郑州|高新区|2室1厅|101.77|南|简装|18|板楼|109
郑州|高新区|2室2厅|77.79|西|精装|34|板楼|97
郑州|高新区|2室2厅|77.39|南|精装|34|板楼|102
郑州|高新区|3室2厅|108.99|南北|精装|26|塔楼|135
郑州|高新区|2室1厅|108.99|南|其他|34|板楼|107
郑州|高新区|2室2厅|89.83|南|简装|18|塔楼|123
郑州|高新区|2室2厅|86.96|南|简装|33|板塔结合|116
郑州|高新区|2室2厅|91.74|南西南|其他|34|板塔结合|120
郑州|高新区|3室2厅|83.97|东北|简装|11|板楼|100
郑州|高新区|3室2厅|91.52|西南|其他|24|板楼|120
郑州|高新区|4室2厅|142.01|南北|其他|26|板楼|200
郑州|高新区|3室2厅|88.77|东南|精装|34|板楼|120
郑州|高新区|2室2厅|73.43|东南南|其他|18|板楼|115
郑州|高新区|2室1厅|87.47|东北|简装|6|板楼|139
郑州|高新区|2室1厅|88.92|南北|精装|6|板楼|114
郑州|高新区|3室1厅|88.92|南|简装|34|板楼|132
郑州|高新区|2室2厅|88.92|东北东北|精装|28|塔楼|52
郑州|高新区|3室2厅|88.92|南北|简装|18|塔楼|143
郑州|高新区|1室1厅|60.51|西南|精装|23|塔楼|80
郑州|高新区|3室2厅|89.28|南|毛坯|18|板楼|132
郑州|高新区|2室2厅|89.28|南北|精装|16|板塔结合|126
郑州|高新区|2室2厅|89.28|南|毛坯|33|板楼|1035
郑州|高新区|2室1厅|89.28|南|精装|18|板塔结合|1387
郑州|高新区|2室2厅|89.94|南北|简装|28|板楼|118
郑州|高新区|2室1厅|87.82|南北|其他|6|板楼|105
郑州|高新区|2室1厅|87.82|南北|其他|6|板楼|105
郑州|高新区|3室2厅|98.32|南北|精装|11|板塔结合|147
郑州|高新区|3室2厅|88.85|南|精装|34|板楼|120
郑州|高新区|2室2厅|97.93|南北|毛坯|11|板楼|125
郑州|高新区|3室2厅|110.31|东南|简装|17|塔楼|137
郑州|高新区|1室1厅|55.13|北|简装|33|板塔结合|73
郑州|高新区|1室1厅|67.14|东|简装|23|塔楼|82
郑州|高新区|2室1厅|67.14|南|简装|20|板塔结合|66
郑州|高新区|2室2厅|101.37|南|精装|17|塔楼|110
郑州|高新区|2室1厅|87.17|南北|简装|6|板楼|97
郑州|高新区|2室1厅|74.97|东南|简装|23|板楼|97
郑州|高新区|3室2厅|107.08|南北|简装|6|板楼|130
郑州|高新区|2室2厅|77.66|南|精装|34|塔楼|97
郑州|高新区|2室1厅|93.26|南|简装|16|板塔结合|1067
郑州|高新区|3室2厅|88.07|南|精装|33|板塔结合|118
郑州|高新区|4室1厅|143.27|南|简装|11|板楼|168
郑州|高新区|2室2厅|88.95|南|其他|34|板塔结合|125
郑州|高新区|3室2厅|115.51|南|精装|26|塔楼|180
郑州|高新区|1室1厅|57.25|南|精装|23|塔楼|85
郑州|高新区|1室1厅|58.23|西北|简装|23|塔楼|65
郑州|高新区|3室2厅|87.22|南|精装|33|板楼|130
郑州|高新区|2室1厅|40.25|西北|简装|20|板塔结合|60
郑州|高新区|2室2厅|93.75|南|毛坯|6|板楼|108
郑州|高新区|3室2厅|89.96|南北东|精装|34|板楼|130
郑州|高新区|3室1厅|89.76|南北|简装|34|板楼|192
郑州|高新区|2室2厅|89.76|南|简装|18|板楼|102
郑州|高新区|2室2厅|89.76|南北|简装|7|板楼|156
郑州|高新区|2室2厅|89.94|南北|其他|28|板楼|130
郑州|高新区|2室1厅|77.21|南|简装|34|板楼|102
郑州|高新区|2室2厅|88.53|南|精装|18|板楼|119
郑州|高新区|2室2厅|85.08|南|简装|27|板楼|107
郑州|高新区|3室1厅|84.53|北|简装|15|板楼|103
郑州|高新区|1室1厅|53.63|南|精装|11|板塔结合|90
郑州|高新区|2室2厅|88.86|南|简装|6|板楼|120
郑州|高新区|2室2厅|88.53|南|精装|18|板楼|119
郑州|高新区|2室1厅|59.87|东南|精装|34|板楼|72
郑州|高新区|4室1厅|167.09|东南南西西北|简装|7|板楼|219
郑州|高新区|2室1厅|49.86|南|精装|20|板塔结合|75
郑州|高新区|3室1厅|85.71|南北|精装|33|板楼|96
郑州|高新区|4室2厅|142.46|南北|精装|34|板楼|252
郑州|高新区|3室2厅|86.42|南|其他|33|板塔结合|180
郑州|高新区|3室1厅|99.69|南北|精装|18|板楼|138
郑州|高新区|3室2厅|88.64|南北|其他|34|板楼|160
郑州|高新区|3室2厅|91.68|南|毛坯|24|板楼|115
郑州|高新区|2室2厅|93.26|南|毛坯|16|板塔结合|105
郑州|高新区|2室1厅|79.32|南|简装|34|板楼|105
郑州|高新区|2室2厅|86.36|东南|简装|18|板楼|97
郑州|高新区|3室1厅|131.41|东西|毛坯|34|板塔结合|140
郑州|高新区|2室1厅|97.33|西南|精装|16|板塔结合|115
郑州|高新区|4室2厅|97.33|南北|毛坯|7|板楼|500
郑州|高新区|3室2厅|83.67|南北|其他|33|板楼|117
郑州|高新区|3室2厅|100.91|南北|简装|11|板塔结合|130
郑州|高新区|2室0厅|76.54|南|精装|34|板塔结合|102
郑州|高新区|2室2厅|87.71|南|简装|18|板楼|110
郑州|高新区|3室1厅|87.71|南北|精装|11|板塔结合|140
郑州|高新区|3室2厅|131.61|南北|精装|11|板楼|156
郑州|高新区|2室1厅|76.24|东南|精装|6|板楼|115
郑州|高新区|2室1厅|104.58|南北|简装|18|板楼|105
郑州|高新区|2室2厅|91.17|南|精装|28|板塔结合|121
郑州|高新区|3室2厅|91.17|南|精装|34|板塔结合|126
郑州|高新区|2室1厅|57.96|南|简装|6|板楼|60
郑州|高新区|2室2厅|92.57|南|精装|27|板塔结合|110
郑州|高新区|3室2厅|131.35|南北|精装|18|板楼|163
郑州|高新区|3室2厅|86.82|南|简装|34|板楼|119
郑州|高新区|2室1厅|77.26|南|精装|34|板楼|102
郑州|高新区|2室1厅|76.24|东南|精装|6|板楼|115
郑州|高新区|2室1厅|104.58|南北|简装|18|板楼|105
郑州|高新区|2室1厅|76.75|南|简装|18|板楼|108
郑州|高新区|2室2厅|89.63|南|精装|33|板楼|132
郑州|高新区|3室2厅|89.39|南|精装|29|塔楼|132
郑州|高新区|3室2厅|139.95|南|简装|6|板楼|140
郑州|高新区|2室2厅|90.28|东南|精装|32|板塔结合|118
郑州|高新区|2室1厅|77.78|东|精装|34|板楼|97
郑州|高新区|2室2厅|81.56|南|简装|11|板楼|100
郑州|高新区|1室1厅|58.68|南北|简装|6|板楼|70
郑州|高新区|3室1厅|129.87|南|精装|6|板楼|1495
郑州|高新区|2室1厅|129.87|西北|精装|32|板塔结合|91
郑州|高新区|2室1厅|129.87|南|简装|34|板楼|105
郑州|高新区|3室2厅|88.63|南|简装|34|板楼|126
郑州|高新区|4室1厅|88.63|南北|其他|18|塔楼|66
郑州|高新区|3室1厅|86.54|南北|其他|25|板楼|117
郑州|高新区|2室1厅|57.04|南|其他|6|板楼|52
郑州|高新区|3室1厅|99.69|南北|精装|18|板楼|133
郑州|高新区|2室2厅|99.69|西南|精装|33|板塔结合|1135
郑州|高新区|2室1厅|99.69|南北|其他|7|板楼|91
郑州|高新区|3室2厅|131.08|西南西南|简装|18|板楼|153
郑州|高新区|2室1厅|59.87|南北|精装|34|板楼|697
郑州|高新区|2室1厅|71.84|西|简装|18|板楼|101
郑州|高新区|2室1厅|87.71|南|精装|11|板楼|128
郑州|高新区|4室2厅|87.71|南北|简装|14|板楼|168
郑州|高新区|2室1厅|89.59|南|精装|15|板楼|106
郑州|高新区|2室1厅|78.71|南|精装|16|板楼|97
郑州|高新区|2室2厅|82.34|南|精装|27|板楼|118
郑州|高新区|1室0厅|42.27|东|其他|9|板楼|46
郑州|高新区|4室2厅|117.75|西|毛坯|34|板楼|165
郑州|高新区|3室2厅|117.75|南北|简装|6|板塔结合|223
郑州|高新区|2室1厅|78.77|南|简装|18|板塔结合|103
郑州|高新区|4室2厅|78.77|南北|简装|14|板楼|168
郑州|高新区|2室2厅|103.81|南北|简装|17|板楼|975
郑州|高新区|2室1厅|48.32|南|简装|20|板塔结合|76
郑州|高新区|2室2厅|94.69|南北|简装|6|板楼|100
郑州|高新区|2室1厅|60.28|北|简装|15|板楼|76
郑州|高新区|2室2厅|104.57|东南|简装|18|塔楼|102
郑州|高新区|2室1厅|71.84|西|简装|18|板楼|101
郑州|高新区|1室0厅|42.25|东北|简装|11|板塔结合|51
郑州|高新区|4室1厅|75.19|西南北|简装|20|板塔结合|130
郑州|高新区|3室1厅|99.69|南北|其他|18|板楼|133
郑州|高新区|4室2厅|114.12|南北|毛坯|34|塔楼|213
郑州|高新区|3室2厅|114.12|南北|毛坯|6|板楼|221
郑州|高新区|2室2厅|85.94|南|精装|6|板楼|98
郑州|高新区|3室1厅|87.73|南|简装|34|板塔结合|108
郑州|高新区|3室1厅|48.53|南|其他|20|板塔结合|83
郑州|高新区|2室2厅|78.77|南|简装|18|板塔结合|99
郑州|高新区|2室2厅|78.77|南|简装|7|板楼|116
郑州|高新区|3室2厅|103.65|南北|简装|33|板楼|148
郑州|高新区|3室1厅|105.09|北南|精装|18|塔楼|119
郑州|高新区|2室2厅|86.45|南东南|精装|18|板塔结合|106
郑州|高新区|2室1厅|91.17|南|毛坯|28|板塔结合|105
郑州|高新区|2室1厅|88.43|南|精装|33|板楼|128
郑州|高新区|3室1厅|88.53|南|其他|18|板楼|128
郑州|高新区|2室2厅|85.99|南|简装|16|板楼|98
郑州|高新区|2室2厅|91.23|南北|简装|6|塔楼|91
郑州|高新区|3室1厅|106.73|南|简装|18|塔楼|139
郑州|高新区|2室2厅|92.52|南|精装|7|板楼|118
郑州|高新区|2室2厅|90.11|西|简装|32|板塔结合|118
郑州|高新区|2室1厅|93.23|南|简装|7|板楼|118
郑州|高新区|1室0厅|42.25|东北|简装|11|板塔结合|51
郑州|高新区|3室1厅|99.69|南北|其他|18|板楼|133
郑州|高新区|2室1厅|91.17|南|毛坯|28|板塔结合|105
郑州|高新区|3室1厅|121.69|西南|简装|11|板塔结合|160
郑州|高新区|4室2厅|151.85|南|精装|7|板楼|425
郑州|高新区|4室2厅|114.12|南北|毛坯|34|塔楼|213
郑州|高新区|3室1厅|105.09|北南|精装|18|塔楼|119
郑州|高新区|2室2厅|86.45|南东南|精装|18|板塔结合|106
郑州|高新区|1室0厅|42.27|东|其他|9|板楼|46
郑州|高新区|2室2厅|93.58|南北|精装|6|板楼|122
郑州|高新区|2室1厅|87.39|南|简装|33|板塔结合|110
郑州|高新区|2室2厅|84.47|南|其他|6|平房|70
郑州|高新区|3室2厅|120.68|南|简装|6|板楼|1675
郑州|高新区|3室2厅|130.13|南北|精装|16|板楼|157
郑州|高新区|2室1厅|87.91|南北|简装|6|板楼|117
郑州|高新区|2室1厅|49.45|北|精装|20|板塔结合|80
郑州|高新区|3室1厅|88.53|南|其他|18|板楼|128
郑州|高新区|2室2厅|85.57|南|毛坯|32|板楼|100
郑州|高新区|3室2厅|110.89|东南|简装|18|板楼|135
郑州|高新区|3室2厅|121.69|西南北|简装|11|板塔结合|162
郑州|高新区|3室2厅|101.44|南北|精装|26|塔楼|168
郑州|高新区|4室2厅|143.78|南北|毛坯|7|板楼|385
郑州|高新区|2室1厅|69.08|北|简装|32|板塔结合|85
郑州|高新区|2室1厅|48.53|南|精装|20|板塔结合|73
郑州|高新区|2室1厅|76.61|南|简装|34|板塔结合|101
郑州|高新区|3室1厅|86.99|南|简装|18|板楼|85
郑州|高新区|2室1厅|88.43|南|精装|33|板楼|128
郑州|高新区|2室2厅|48.45|南|精装|20|板塔结合|725
郑州|高新区|2室1厅|100.93|南|精装|17|板楼|118
郑州|高新区|3室2厅|109.89|东南|精装|34|板塔结合|141
郑州|高新区|2室1厅|78.71|南|简装|16|板楼|965
郑州|高新区|3室2厅|115.57|南北|精装|22|塔楼|170
郑州|高新区|2室2厅|88.54|南|毛坯|18|板塔结合|145
郑州|高新区|2室2厅|86.37|南|简装|33|板塔结合|113
郑州|高新区|3室2厅|119.83|南北|精装|18|板塔结合|142
郑州|高新区|3室1厅|84.23|东南南|精装|26|板楼|126
郑州|高新区|2室2厅|85.71|南北|其他|33|板楼|108
郑州|高新区|2室2厅|91.81|南|简装|18|板塔结合|120
郑州|高新区|2室2厅|82.46|南|毛坯|27|板楼|106
郑州|高新区|3室2厅|145.03|南北|精装|27|板楼|230
郑州|高新区|3室2厅|145.03|东南|其他|24|板楼|169
郑州|高新区|3室1厅|89.63|南|精装|34|板楼|125
郑州|高新区|3室2厅|89.63|南北|简装|18|板塔结合|125
郑州|高新区|2室1厅|87.95|南北|简装|6|板楼|76
郑州|高新区|2室1厅|78.71|南|简装|16|板楼|97
郑州|高新区|3室2厅|89.28|南东南|精装|34|板楼|127
郑州|高新区|3室2厅|101.42|南北|精装|26|塔楼|1585
郑州|高新区|4室2厅|130.91|南北|精装|34|板楼|2833
郑州|高新区|5室2厅|130.91|南北|其他|6|板楼|175
郑州|高新区|3室2厅|85.11|南|精装|34|板楼|130
郑州|高新区|3室1厅|89.28|东南|精装|34|板楼|125
郑州|高新区|3室2厅|136.46|南北|精装|11|板楼|215
郑州|高新区|4室2厅|157.29|西北|简装|7|塔楼|150
郑州|高新区|4室3厅|156.17|东北|简装|15|板楼|218
郑州|高新区|4室3厅|156.17|东北|简装|15|板楼|218
郑州|高新区|5室2厅|244.06|南北|其他|5|板楼|550
郑州|高新区|4室1厅|152.81|南北|其他|6|板楼|266
郑州|高新区|3室2厅|120.66|南北|其他|8|板楼|220
郑州|高新区|3室2厅|90.63|南北|精装|26|板楼|123
郑州|高新区|4室2厅|113.53|北南|简装|7|板楼|123
郑州|高新区|5室2厅|80.65|南|精装|11|板楼|146
郑州|高新区|3室2厅|140.31|南北|简装|33|板塔结合|210
郑州|高新区|3室2厅|119.83|南北|简装|18|板塔结合|145
郑州|高新区|3室2厅|119.83|南北|简装|7|板楼|118
郑州|高新区|4室1厅|75.24|南北|简装|20|板塔结合|1275
郑州|高新区|3室2厅|75.24|南|精装|34|板楼|132
郑州|高新区|4室2厅|116.55|南北|简装|33|板塔结合|198
郑州|高新区|3室2厅|108.07|南北|精装|17|板塔结合|136
郑州|高新区|3室2厅|119.31|南北|精装|34|板塔结合|180
郑州|高新区|5室2厅|99.44|南北|精装|6|板楼|260
郑州|高新区|3室2厅|88.54|南|其他|34|板楼|119
郑州|高新区|3室1厅|90.05|东南|精装|11|板楼|138
郑州|高新区|3室2厅|90.27|南|精装|34|板塔结合|126
郑州|高新区|4室1厅|90.27|南北|精装|34|板塔结合|265
郑州|高新区|4室2厅|188.82|南北|其他|7|板楼|163
郑州|高新区|4室2厅|113.11|南北|精装|33|板塔结合|240
郑州|高新区|3室2厅|113.11|南北|精装|34|板塔结合|176
郑州|高新区|3室2厅|138.72|南北|其他|6|板楼|350
郑州|高新区|3室2厅|89.05|南|简装|18|板塔结合|106
郑州|高新区|3室2厅|75.12|南北|精装|20|板塔结合|135
郑州|高新区|3室2厅|75.12|西北|简装|34|塔楼|108
郑州|高新区|4室2厅|142.95|南北|其他|6|板楼|252
郑州|高新区|3室2厅|77.18|南北|简装|20|板塔结合|125
郑州|高新区|3室1厅|143.74|南|精装|11|板塔结合|235
郑州|高新区|3室2厅|117.91|南|精装|34|板楼|180
郑州|高新区|3室2厅|140.49|南北|精装|33|板塔结合|220
郑州|高新区|3室2厅|88.96|南|精装|31|板塔结合|173
郑州|高新区|3室1厅|88.78|东|其他|34|板塔结合|122
郑州|高新区|3室1厅|119.31|南北|精装|34|板塔结合|185
郑州|高新区|3室2厅|85.06|南北|精装|34|板楼|113
郑州|高新区|3室2厅|85.06|南北|精装|7|板楼|215
郑州|高新区|3室1厅|121.69|南北|精装|11|板塔结合|170
郑州|高新区|3室2厅|129.38|南|精装|7|板楼|379
郑州|高新区|3室2厅|89.78|南北|精装|28|板塔结合|122
郑州|高新区|3室2厅|86.85|南|其他|34|板楼|130
郑州|高新区|4室2厅|81.53|南北|简装|19|板塔结合|102
郑州|高新区|3室2厅|151.23|南|精装|24|板楼|206
郑州|高新区|4室2厅|131.03|南北|简装|27|板塔结合|260
郑州|高新区|3室2厅|119.98|南北|毛坯|16|板塔结合|160
郑州|高新区|3室2厅|121.01|南北|精装|6|塔楼|220
郑州|高新区|3室2厅|117.91|南|精装|34|板楼|176
郑州|高新区|3室2厅|116.95|南|精装|34|板塔结合|152
郑州|高新区|3室2厅|116.95|南北|简装|6|板楼|122
郑州|高新区|3室2厅|90.06|西南|简装|18|板塔结合|123
郑州|高新区|4室2厅|148.65|南北|其他|15|板楼|230
郑州|高新区|3室2厅|148.65|北|简装|11|板楼|105
郑州|高新区|3室2厅|121.33|南北|精装|6|板楼|210
郑州|高新区|3室2厅|84.79|北东北|简装|11|板楼|110
郑州|高新区|3室2厅|84.79|南|精装|34|板塔结合|125
郑州|高新区|2室2厅|93.75|南北|精装|6|板楼|115
郑州|高新区|4室2厅|175.43|北南|精装|6|板楼|232
郑州|高新区|4室2厅|222.53|南北|其他|11|板楼|210
郑州|高新区|3室2厅|89.44|西北|其他|34|板塔结合|123
郑州|高新区|4室2厅|176.95|东|精装|6|板楼|260
郑州|高新区|3室2厅|113.02|南北|简装|34|板塔结合|148
郑州|高新区|3室2厅|87.72|东南|其他|34|板楼|120
郑州|高新区|3室2厅|126.41|南北|其他|34|板楼|181
郑州|高新区|3室1厅|98.61|西南|精装|11|板楼|140
郑州|高新区|4室2厅|176.95|东|精装|6|板楼|260
郑州|高新区|3室2厅|93.57|南|其他|6|板楼|115
郑州|高新区|3室2厅|93.57|南|其他|34|板塔结合|175
郑州|高新区|3室2厅|85.67|南北|精装|6|板塔结合|108
郑州|高新区|3室2厅|142.63|南北|简装|32|板塔结合|178
郑州|高新区|3室2厅|118.55|南北|精装|34|板塔结合|170
郑州|高新区|3室2厅|118.16|南北|简装|30|板楼|165
郑州|高新区|3室2厅|103.33|南|精装|17|板楼|117
郑州|高新区|3室2厅|89.17|南|精装|27|板塔结合|158
郑州|高新区|3室2厅|89.15|南北|精装|33|板塔结合|139
郑州|高新区|3室1厅|89.85|南北|精装|29|板塔结合|135
郑州|高新区|3室2厅|108.07|东南|简装|17|板塔结合|131
郑州|高新区|3室2厅|167.59|南北|简装|7|板楼|1638
郑州|高新区|3室2厅|129.18|南北|简装|27|板塔结合|173
郑州|高新区|3室2厅|129.18|南北|精装|27|板塔结合|159
郑州|高新区|4室2厅|150.07|东|简装|7|板楼|185
郑州|高新区|3室2厅|150.07|南|精装|34|板楼|128
郑州|高新区|3室1厅|89.13|南|其他|6|板楼|100
郑州|高新区|4室1厅|113.53|南北|简装|7|板楼|109
郑州|高新区|3室2厅|100.46|南北|毛坯|18|板楼|133
郑州|高新区|3室1厅|94.23|南北|精装|6|板楼|88
郑州|高新区|3室1厅|135.43|南北西|其他|28|板塔结合|163
郑州|高新区|3室1厅|88.24|南|其他|34|板塔结合|120
郑州|高新区|3室2厅|89.15|南北|精装|33|板塔结合|146
郑州|高新区|3室1厅|89.15|南北|简装|34|板楼|128
郑州|高新区|3室2厅|109.16|南北|简装|17|板楼|1258
郑州|高新区|3室1厅|129.38|南北|精装|4|板楼|285
郑州|高新区|3室2厅|129.17|南北|精装|28|板塔结合|152
郑州|高新区|3室2厅|129.17|南北|精装|34|板楼|118
郑州|高新区|3室2厅|131.32|南北|精装|18|板楼|182
郑州|高新区|4室1厅|86.85|东南|简装|34|板楼|130
郑州|高新区|3室1厅|93.17|南|简装|26|板楼|113
郑州|高新区|3室1厅|85.05|南|简装|34|板楼|117
郑州|高新区|5室2厅|176.84|西北|其他|15|板楼|205
郑州|高新区|3室1厅|119.16|南北|精装|18|板塔结合|142
郑州|高新区|5室3厅|119.16|南北|其他|6|板楼|169
郑州|高新区|3室2厅|88.24|西南|简装|34|板塔结合|111
郑州|高新区|3室2厅|94.14|南北|精装|15|板楼|145
郑州|高新区|4室3厅|94.14|南北|精装|11|板楼|160
郑州|高新区|3室2厅|94.14|南北|精装|7|板楼|335
郑州|高新区|3室2厅|94.14|南北|简装|33|板塔结合|135
郑州|高新区|4室2厅|130.37|南北|精装|33|板塔结合|255
郑州|高新区|4室2厅|130.37|南|简装|4|暂无数据|350
郑州|高新区|3室1厅|106.34|东南东南|简装|27|板楼|145
郑州|高新区|3室2厅|119.19|南北|精装|28|板楼|175
郑州|高新区|3室2厅|133.33|南北|精装|16|板楼|160
郑州|高新区|4室1厅|133.33|南北|简装|18|塔楼|148
郑州|高新区|4室2厅|87.45|南|简装|18|塔楼|192
郑州|高新区|3室2厅|145.02|南|简装|27|板楼|190
郑州|高新区|3室2厅|94.34|南西南北|其他|27|板楼|125
郑州|高新区|4室2厅|201.95|南北|精装|7|板楼|240
郑州|高新区|2室2厅|92.91|南北|简装|6|板楼|100
郑州|高新区|3室1厅|91.17|南|精装|11|板楼|246
郑州|高新区|4室2厅|141.34|南北|精装|34|板楼|229
郑州|高新区|3室2厅|104.09|南西南|简装|18|板楼|116
郑州|高新区|2室1厅|120.35|南北|精装|18|塔楼|155
郑州|高新区|3室2厅|133.33|南北|精装|16|板楼|160
郑州|高新区|3室2厅|88.24|南|简装|34|板楼|108
郑州|高新区|4室2厅|157.82|南北|精装|11|板楼|203
郑州|高新区|3室2厅|88.16|南|精装|34|板楼|108
郑州|高新区|3室2厅|128.96|南北|精装|6|板楼|115
郑州|高新区|3室2厅|109.34|南北|精装|18|板楼|139
郑州|高新区|3室2厅|104.09|南西南|简装|18|板楼|116
郑州|高新区|4室2厅|201.95|南北|精装|7|板楼|240
郑州|高新区|2室2厅|92.91|南北|简装|6|板楼|100
郑州|高新区|2室1厅|120.35|南北|精装|18|塔楼|155
郑州|高新区|4室2厅|141.34|南北|精装|34|板楼|229
郑州|高新区|3室1厅|91.17|南|精装|11|板楼|246
郑州|高新区|3室2厅|94.34|南西南北|其他|27|板楼|125
郑州|高新区|3室2厅|145.02|南|简装|27|板楼|190
郑州|高新区|3室2厅|119.19|南北|精装|28|板楼|175
郑州|高新区|3室1厅|89.53|南西南西|简装|33|板楼|132
郑州|高新区|3室1厅|89.53|东南|精装|34|板楼|135
郑州|高新区|3室2厅|133.67|北南|精装|33|板塔结合|215
郑州|高新区|3室2厅|121.69|南北|精装|11|板塔结合|166
郑州|高新区|3室2厅|108.64|南北|精装|6|板楼|118
郑州|高新区|2室2厅|55.62|南|简装|20|板塔结合|85
郑州|高新区|3室2厅|108.99|南|精装|26|塔楼|130
郑州|高新区|3室2厅|108.99|南北|精装|6|板塔结合|105
郑州|高新区|3室1厅|126.29|南|精装|34|板楼|168
郑州|高新区|3室2厅|126.29|南北|精装|33|板楼|119
郑州|高新区|3室2厅|85.23|南|简装|34|板楼|117
郑州|高新区|3室2厅|131.47|南北|简装|7|板楼|165
郑州|高新区|4室2厅|143.36|南北|精装|5|板楼|323
郑州|高新区|3室1厅|111.95|南北|简装|18|塔楼|131
郑州|高新区|3室2厅|124.48|西南|精装|6|板楼|280
郑州|高新区|3室1厅|89.91|南北|其他|34|板楼|130
郑州|高新区|3室2厅|110.21|南北|精装|18|板楼|140
郑州|高新区|3室1厅|91.17|南|精装|11|板楼|246
郑州|高新区|4室2厅|141.34|南北|精装|34|板楼|229
郑州|高新区|2室1厅|120.35|南北|精装|18|塔楼|155
郑州|高新区|3室2厅|109.34|南北|精装|18|板楼|139
郑州|高新区|3室1厅|111.95|南北|简装|18|塔楼|131
郑州|高新区|3室2厅|108.99|南|精装|26|塔楼|130
郑州|高新区|3室2厅|108.99|南北|精装|33|板楼|119
郑州|高新区|3室2厅|120.47|西|精装|6|板楼|260
郑州|高新区|3室2厅|113.49|南北|简装|6|板楼|156
郑州|高新区|3室2厅|146.26|东南|简装|6|板楼|235
郑州|高新区|3室2厅|129.05|南北|简装|33|板塔结合|183
郑州|高新区|2室1厅|76.51|东北|简装|33|板楼|97
郑州|高新区|4室2厅|143.36|南北|精装|5|板楼|323
郑州|高新区|2室2厅|55.62|南|简装|20|板塔结合|85
郑州|高新区|3室1厅|126.29|南|精装|34|板楼|168
郑州|高新区|3室2厅|85.23|南|简装|34|板楼|117
郑州|高新区|3室2厅|85.23|南北|精装|6|板塔结合|105
郑州|高新区|3室2厅|131.47|南北|简装|7|板楼|165
郑州|高新区|3室1厅|131.47|东|简装|18|塔楼|123
郑州|高新区|2室2厅|91.11|南北|其他|6|塔楼|94
郑州|高新区|3室2厅|124.48|西南|精装|6|板楼|280
郑州|高新区|3室2厅|75.24|南西|精装|20|板塔结合|128
郑州|高新区|3室2厅|75.24|南北|精装|11|板楼|140
郑州|高新区|3室2厅|89.08|南|精装|33|板塔结合|185
郑州|高新区|4室2厅|75.12|南西北|其他|20|板塔结合|130
郑州|高新区|3室1厅|75.12|南北|简装|11|板塔结合|142
郑州|高新区|3室1厅|110.89|南|简装|18|板楼|131
郑州|高新区|3室2厅|90.22|东南|精装|26|板楼|135
郑州|高新区|4室1厅|118.16|东南|精装|30|板楼|168
郑州|高新区|3室2厅|118.16|东南|精装|6|板楼|130
郑州|高新区|3室1厅|104.48|东南|简装|18|板塔结合|138
郑州|高新区|4室2厅|104.48|南北|精装|18|板楼|245
郑州|高新区|3室2厅|90.25|南|精装|34|板塔结合|125
郑州|高新区|3室2厅|89.08|南|精装|34|板楼|117
郑州|高新区|3室1厅|119.05|南北|简装|34|板楼|137
郑州|高新区|3室2厅|90.57|南|精装|32|板塔结合|130
郑州|高新区|4室2厅|145.12|南|精装|7|板塔结合|275
郑州|高新区|3室2厅|119.19|南|精装|28|板楼|163
郑州|高新区|4室2厅|148.15|南北|精装|15|板楼|193
郑州|高新区|3室2厅|88.48|西南|精装|35|板楼|109
郑州|高新区|4室2厅|141.38|南北|简装|34|板楼|186
郑州|高新区|3室2厅|126.91|南北|精装|34|板楼|175
郑州|高新区|3室1厅|88.54|南|精装|34|板楼|116
郑州|高新区|3室2厅|90.22|东南|精装|26|板楼|135
郑州|高新区|4室2厅|91.97|东南南|简装|18|板楼|170
郑州|高新区|3室1厅|110.89|南|简装|18|板楼|131
郑州|高新区|2室1厅|87.67|南|精装|25|板楼|135
郑州|高新区|1室0厅|87.67|南|精装|29|板塔结合|38
郑州|高新区|1室0厅|87.67|西北|简装|27|板塔结合|60
郑州|高新区|2室1厅|34.56|北|毛坯|19|板塔结合|39
郑州|高新区|2室1厅|34.56|北|简装|19|板塔结合|29
郑州|高新区|2室2厅|34.56|南|毛坯|13|板楼|56
郑州|高新区|1室1厅|53.06|东南|其他|18|板楼|72
郑州|高新区|2室1厅|73.55|东南|简装|18|板楼|113
郑州|高新区|2室1厅|37.74|北|简装|20|板塔结合|615
郑州|高新区|2室1厅|37.83|南|简装|20|板塔结合|61
郑州|高新区|1室1厅|43.89|北|简装|34|板塔结合|375
郑州|高新区|1室1厅|48.82|东|简装|24|板塔结合|55
郑州|高新区|1室1厅|38.12|南|简装|28|板楼|38
郑州|高新区|1室0厅|38.79|西|其他|33|板楼|33
郑州|高新区|1室1厅|46.61|南|精装|26|板楼|46
郑州|高新区|2室1厅|37.85|南|简装|20|板塔结合|64
郑州|高新区|1室0厅|34.44|西南|精装|19|板楼|30
郑州|高新区|1室0厅|33.64|北|简装|23|板楼|40
郑州|高新区|2室1厅|67.57|南|精装|13|塔楼|108
郑州|高新区|2室2厅|89.63|南|精装|33|板楼|133
郑州|高新区|2室1厅|88.67|南|精装|28|板楼|117
郑州|高新区|2室1厅|47.16|北|毛坯|13|板楼|50
郑州|高新区|1室0厅|44.99|东|精装|9|板楼|46
郑州|高新区|1室1厅|43.89|北|精装|34|板塔结合|45
郑州|高新区|1室0厅|53.89|东北|简装|30|塔楼|398
郑州|高新区|1室1厅|53.06|北|简装|20|板楼|56
郑州|高新区|1室1厅|40.29|北|精装|20|板塔结合|70
郑州|高新区|2室1厅|45.77|南|简装|19|塔楼|40
郑州|高新区|1室0厅|28.82|西|精装|9|板楼|315
郑州|高新区|1室0厅|44.99|东|精装|9|板楼|45
郑州|高新区|1室1厅|37.22|南|精装|28|塔楼|28
郑州|高新区|1室1厅|43.36|北|简装|32|塔楼|38
郑州|高新区|1室1厅|47.77|西南|其他|33|塔楼|573
郑州|高新区|2室1厅|48.56|东|精装|20|板楼|50
郑州|高新区|3室2厅|92.71|南北|精装|15|板楼|150
郑州|高新区|2室1厅|92.71|南|毛坯|34|暂无数据|135
郑州|高新区|4室2厅|116.71|南|毛坯|8|板楼|275
郑州|高新区|2室2厅|86.37|南|简装|33|板塔结合|115
郑州|高新区|3室2厅|112.12|南北|精装|26|塔楼|185
郑州|高新区|2室2厅|89.83|南北|简装|28|塔楼|122
郑州|高新区|2室1厅|47.16|北|精装|13|板楼|595
郑州|高新区|2室2厅|47.16|南北|精装|34|板塔结合|115
郑州|高新区|3室2厅|47.16|南北|精装|6|板楼|173
郑州|高新区|3室1厅|90.47|南|精装|34|板塔结合|1256
郑州|高新区|3室2厅|146.17|北东南|精装|34|板塔结合|189
郑州|高新区|2室2厅|90.65|南|简装|34|板塔结合|1183
郑州|高新区|2室2厅|90.66|南|精装|34|板塔结合|122
郑州|高新区|3室2厅|89.85|南西南|简装|34|板塔结合|128
郑州|高新区|2室2厅|78.13|南北|精装|34|板塔结合|96
郑州|高新区|2室2厅|78.13|南北|精装|34|板塔结合|115
郑州|高新区|2室2厅|78.13|东南|精装|20|板楼|62
郑州|高新区|2室2厅|77.12|南|精装|34|板楼|105
郑州|高新区|3室2厅|96.43|南西南|精装|26|板楼|139
郑州|高新区|3室2厅|120.62|南北|精装|7|板塔结合|162
郑州|高新区|1室1厅|45.87|南|精装|34|板塔结合|445
郑州|高新区|2室1厅|48.85|南|精装|20|板楼|55
郑州|高新区|3室2厅|137.28|南北|简装|16|板楼|170
郑州|高新区|2室2厅|95.51|南|精装|6|板楼|160
郑州|高新区|2室2厅|80.77|南|简装|27|板楼|109
郑州|高新区|3室2厅|88.64|南|简装|34|板塔结合|123
郑州|高新区|3室1厅|89.64|南北|精装|11|板塔结合|145
郑州|高新区|4室1厅|55.46|南|简装|19|塔楼|63
郑州|高新区|3室1厅|89.48|南西南|精装|27|板塔结合|85
郑州|高新区|3室2厅|142.26|南北|精装|6|板楼|166
郑州|高新区|3室1厅|142.26|南|简装|5|板楼|72
郑州|高新区|3室2厅|116.77|南北|简装|6|板塔结合|130
郑州|高新区|3室2厅|129.31|南北|简装|12|板楼|230
郑州|高新区|3室1厅|87.21|南|简装|33|板楼|173
郑州|高新区|2室2厅|77.79|西北|精装|34|板楼|98
郑州|高新区|2室2厅|79.34|南北|简装|30|板塔结合|75
郑州|高新区|2室1厅|79.34|西南|简装|7|板楼|82
郑州|高新区|3室2厅|89.26|南北|精装|30|板塔结合|86
郑州|高新区|2室1厅|89.26|西南|简装|7|板楼|82
郑州|高新区|3室1厅|48.15|北|精装|18|塔楼|63
郑州|高新区|3室2厅|88.27|南北|精装|33|板塔结合|125
郑州|高新区|2室1厅|76.54|南|简装|34|板塔结合|104
郑州|高新区|2室2厅|87.59|西|简装|34|板塔结合|110
郑州|高新区|3室2厅|88.68|南北|精装|33|板塔结合|140
郑州|高新区|2室2厅|90.11|东|简装|32|板塔结合|116
郑州|高新区|2室2厅|91.59|东|精装|34|板塔结合|120
郑州|高新区|2室2厅|84.79|南北|简装|6|板楼|103
郑州|高新区|3室2厅|84.79|南北|精装|18|板楼|1635
郑州|高新区|3室2厅|87.27|南|简装|34|板楼|118
郑州|高新区|2室1厅|79.89|南北|简装|30|板塔结合|80
郑州|高新区|2室1厅|80.05|南北|简装|6|板楼|92
郑州|高新区|2室2厅|49.91|南|精装|20|板塔结合|75
郑州|高新区|2室2厅|53.67|南|简装|6|塔楼|59
郑州|高新区|3室2厅|53.67|北|精装|26|板楼|157
郑州|高新区|3室2厅|117.39|南北|精装|35|板楼|145
郑州|高新区|2室2厅|89.54|北|精装|26|板楼|138
郑州|高新区|2室2厅|89.54|南东|精装|18|板塔结合|128
郑州|高新区|3室2厅|147.05|南北|精装|14|板楼|180
郑州|高新区|2室2厅|147.05|南|简装|34|板楼|125
郑州|高新区|2室2厅|84.68|南北|精装|5|暂无数据|90
郑州|高新区|3室2厅|87.75|东南|精装|34|板楼|116
郑州|高新区|3室2厅|90.51|南|简装|34|板塔结合|815
郑州|高新区|2室2厅|86.41|南|精装|15|板楼|110
郑州|高新区|2室1厅|87.83|南|简装|18|板楼|1145
郑州|高新区|2室1厅|69.81|南|简装|30|板塔结合|65
郑州|高新区|2室2厅|87.19|南北|其他|33|板塔结合|177
郑州|高新区|2室2厅|86.86|南|简装|18|板塔结合|99
郑州|高新区|2室1厅|91.68|南北|精装|34|板塔结合|123
郑州|高新区|2室1厅|47.16|北|精装|13|板楼|59
郑州|高新区|3室2厅|47.16|东南南东|精装|33|塔楼|125
郑州|高新区|3室2厅|115.04|南北|简装|18|板塔结合|141
郑州|高新区|2室2厅|115.04|南北|简装|6|板楼|105
郑州|高新区|2室2厅|115.04|西南|简装|33|板塔结合|135
郑州|高新区|3室2厅|87.22|南北|毛坯|33|板楼|120
郑州|高新区|3室2厅|90.51|南|简装|34|板塔结合|815
郑州|高新区|2室2厅|86.41|南|精装|15|板楼|110
郑州|高新区|2室2厅|86.41|南|简装|34|板楼|125
郑州|高新区|2室1厅|87.83|南|简装|18|板楼|1145
郑州|高新区|3室2厅|108.86|南|精装|28|板楼|129
郑州|高新区|3室2厅|89.82|南|简装|33|塔楼|130
郑州|高新区|3室1厅|89.48|南|其他|27|板塔结合|84
郑州|高新区|2室1厅|47.35|北|简装|20|塔楼|50
郑州|高新区|2室1厅|68.46|西南西|简装|27|板楼|85
郑州|高新区|3室2厅|68.46|北|精装|34|板楼|160
郑州|高新区|2室2厅|73.43|南|精装|18|板楼|116
郑州|高新区|2室2厅|73.43|南|其他|18|板楼|123
郑州|高新区|2室1厅|87.47|东南|精装|6|板楼|1398
郑州|高新区|2室1厅|40.31|北|简装|20|板塔结合|715
郑州|高新区|2室2厅|73.43|西南|精装|18|板楼|110
郑州|高新区|2室1厅|73.43|北|精装|20|板塔结合|67
郑州|高新区|2室1厅|84.96|东|简装|11|板塔结合|115
郑州|高新区|2室1厅|35.74|东|简装|9|板楼|58
郑州|高新区|1室1厅|32.84|北|其他|28|板塔结合|41
郑州|高新区|1室1厅|47.73|东北|精装|33|板塔结合|72
郑州|高新区|2室1厅|87.38|南|简装|6|板楼|122
郑州|高新区|4室1厅|143.78|南北|毛坯|7|板楼|410
郑州|高新区|2室1厅|143.78|南北|简装|7|板楼|62
郑州|高新区|4室2厅|75.19|南东北|精装|20|板塔结合|115
郑州|高新区|3室2厅|133.78|南北|毛坯|34|板楼|209
郑州|高新区|4室2厅|75.19|南东北|精装|20|板塔结合|115
郑州|高新区|3室1厅|93.92|南|精装|6|板楼|1126
郑州|高新区|3室2厅|88.26|南|精装|34|板楼|172
郑州|高新区|5室2厅|154.66|东南|简装|6|暂无数据|149
郑州|高新区|3室2厅|88.09|南|精装|34|塔楼|172
郑州|高新区|3室2厅|148.85|南北|简装|6|板楼|195
郑州|高新区|4室2厅|114.12|南北|毛坯|34|塔楼|210
郑州|高新区|3室2厅|87.31|南|其他|33|塔楼|127
郑州|高新区|3室2厅|88.13|南|其他|34|板楼|128
郑州|高新区|3室2厅|111.62|南北|其他|34|板楼|160
郑州|高新区|3室1厅|119.81|北|其他|18|板塔结合|148
郑州|高新区|3室2厅|87.65|南|精装|33|板塔结合|166
郑州|高新区|1室0厅|31.54|西|精装|9|板楼|33
郑州|高新区|2室2厅|77.39|南北|简装|7|板楼|125
郑州|高新区|3室1厅|81.69|南|毛坯|34|板塔结合|109
郑州|高新区|1室1厅|53.44|东北|简装|33|板塔结合|62
郑州|高新区|2室1厅|53.44|北|精装|20|板塔结合|63
郑州|高新区|2室1厅|53.44|北|精装|20|板塔结合|68
郑州|高新区|1室1厅|53.63|南|简装|11|板塔结合|85
郑州|高新区|1室0厅|33.64|北|简装|23|板楼|50
郑州|高新区|1室0厅|35.92|东南|其他|28|暂无数据|29
郑州|高新区|1室1厅|54.84|北|简装|33|板塔结合|70
郑州|高新区|1室1厅|56.08|东南|简装|11|板塔结合|85
郑州|高新区|2室2厅|90.05|南北|精装|6|板楼|115
郑州|高新区|2室1厅|58.15|东|简装|6|板楼|97
郑州|高新区|2室2厅|98.98|南北|简装|11|板塔结合|140
郑州|高新区|2室1厅|90.09|南|其他|11|板楼|106
郑州|高新区|2室2厅|71.73|西北|精装|34|板塔结合|93
郑州|高新区|3室2厅|90.43|南北|其他|18|板楼|144
郑州|高新区|2室1厅|90.43|北|精装|20|板塔结合|66
郑州|高新区|1室1厅|43.15|东西|简装|11|板塔结合|52
郑州|高新区|1室1厅|43.15|南|简装|24|板塔结合|71
郑州|高新区|1室0厅|43.15|南|精装|23|塔楼|69
郑州|高新区|4室2厅|146.33|南|其他|15|板楼|203
郑州|高新区|2室1厅|37.85|西南|简装|20|板塔结合|58
郑州|高新区|1室0厅|49.86|西|精装|24|板塔结合|51
郑州|高新区|2室2厅|94.69|南|简装|6|板楼|116
郑州|高新区|1室0厅|33.64|北|其他|23|板楼|45
郑州|高新区|2室2厅|88.86|南|其他|6|板楼|96
郑州|高新区|2室1厅|88.86|南西|精装|20|板塔结合|65
郑州|高新区|3室2厅|115.84|南北|精装|26|塔楼|184
郑州|高新区|2室2厅|93.99|南|简装|6|板楼|96
郑州|高新区|1室0厅|40.84|南北|简装|23|塔楼|55
郑州|高新区|2室1厅|61.73|东南|简装|23|板楼|85
郑州|高新区|2室1厅|72.98|东北|精装|34|板塔结合|95
郑州|高新区|1室1厅|69.72|东南|其他|24|板楼|85
郑州|高新区|1室1厅|35.67|北|简装|18|板塔结合|46
郑州|高新区|1室1厅|37.83|东南|其他|20|板塔结合|65
郑州|高新区|1室1厅|63.36|南|精装|23|板楼|806
郑州|高新区|2室2厅|94.06|南北|简装|6|板楼|97
郑州|高新区|1室0厅|35.67|北|精装|18|板塔结合|41
郑州|高新区|2室2厅|73.64|南北|精装|26|板楼|114
郑州|高新区|2室1厅|56.12|西|其他|23|板楼|73
郑州|高新区|1室1厅|35.68|南|简装|18|板塔结合|49
郑州|高新区|2室1厅|53.63|南|简装|11|板塔结合|87
郑州|高新区|1室0厅|49.86|西|精装|24|板塔结合|52
郑州|高新区|1室1厅|40.84|北|简装|23|塔楼|48
郑州|高新区|6室3厅|40.84|南|简装|3|暂无数据|760
郑州|高新区|1室0厅|35.68|北|精装|18|板塔结合|45
郑州|高新区|1室1厅|57.34|南|精装|23|塔楼|71
郑州|高新区|2室2厅|87.65|南|精装|18|板楼|1145
郑州|高新区|2室2厅|82.92|南|毛坯|27|板楼|103
郑州|高新区|2室1厅|37.65|西|简装|9|板楼|57
郑州|高新区|2室1厅|74.97|东南|简装|23|板楼|87
郑州|高新区|1室0厅|44.99|东|其他|9|板楼|44
郑州|高新区|1室0厅|47.49|东|简装|9|板楼|45
郑州|高新区|2室1厅|35.74|西|精装|9|板楼|56
郑州|高新区|1室0厅|42.27|东|简装|9|板楼|43
郑州|高新区|1室0厅|33.35|西|简装|9|板楼|33
郑州|高新区|2室2厅|87.72|南北|简装|7|板楼|79
郑州|高新区|1室0厅|44.99|东|简装|9|板楼|41
郑州|高新区|2室1厅|37.65|西|简装|9|板楼|57
郑州|高新区|1室0厅|47.13|东|毛坯|9|板楼|45
郑州|高新区|1室0厅|47.49|东|简装|9|板楼|45
郑州|高新区|2室2厅|86.45|南|简装|18|板塔结合|115
郑州|高新区|1室1厅|57.88|南|简装|23|塔楼|73
郑州|高新区|2室1厅|37.65|西|简装|9|板楼|61
郑州|高新区|2室1厅|57.91|南|简装|9|塔楼|93
郑州|高新区|1室0厅|47.49|东|简装|9|板楼|45
郑州|高新区|2室1厅|37.65|东|简装|9|板楼|57
郑州|高新区|2室1厅|37.85|南|简装|20|板塔结合|66
郑州|高新区|2室2厅|37.85|南|精装|6|板楼|108
郑州|高新区|1室0厅|37.85|东|精装|9|板楼|415
郑州|高新区|1室0厅|31.54|西|简装|9|板楼|36
郑州|高新区|2室1厅|40.25|西北|精装|20|板塔结合|63
郑州|高新区|2室2厅|40.25|南|简装|7|板楼|116
郑州|高新区|2室1厅|87.19|南|其他|26|板楼|135
郑州|高新区|1室0厅|44.99|东|简装|9|板楼|45
郑州|高新区|2室1厅|40.22|北|精装|20|板塔结合|57
郑州|高新区|1室0厅|29.42|东西|其他|6|板楼|40
郑州|高新区|1室1厅|43.93|北|其他|34|板塔结合|41
郑州|高新区|2室1厅|35.74|西|简装|9|板楼|57
郑州|高新区|1室1厅|35.74|西|精装|9|板楼|305
郑州|高新区|1室0厅|35.79|北|精装|18|板塔结合|49
郑州|高新区|1室0厅|44.99|东|简装|9|板楼|43
郑州|高新区|2室1厅|37.41|东|简装|9|板楼|59
郑州|高新区|2室1厅|37.41|西北|毛坯|33|板楼|95
郑州|高新区|1室0厅|29.26|西|简装|9|板楼|345
郑州|高新区|1室0厅|29.26|西|简装|9|板楼|345
郑州|高新区|1室0厅|31.54|西|精装|9|板楼|35
郑州|高新区|2室1厅|74.97|东北|其他|23|板楼|90
郑州|高新区|2室1厅|90.85|西南|简装|33|板塔结合|1095
郑州|高新区|1室1厅|53.81|北|精装|33|板塔结合|62
郑州|高新区|2室1厅|79.32|南|简装|34|板楼|106
郑州|高新区|2室1厅|70.33|南|精装|30|塔楼|102
郑州|高新区|2室1厅|35.87|东|简装|9|板楼|57
郑州|高新区|2室1厅|40.86|北|其他|20|板塔结合|51
郑州|高新区|3室2厅|111.89|南|精装|26|塔楼|185
郑州|高新区|2室1厅|35.74|西|精装|9|板楼|56
郑州|高新区|1室1厅|52.01|北|精装|33|板塔结合|92
郑州|高新区|2室2厅|68.34|西北|其他|33|板塔结合|87
郑州|高新区|2室1厅|72.81|南北|其他|6|板楼|200
郑州|高新区|2室1厅|40.79|北|精装|20|板塔结合|65
郑州|高新区|2室2厅|67.91|东北|其他|33|板塔结合|92
郑州|高新区|2室1厅|87.39|南|精装|33|板塔结合|119
郑州|高新区|2室1厅|89.83|东南|精装|28|板楼|117
郑州|高新区|2室2厅|89.83|东南|其他|33|板塔结合|120
郑州|高新区|2室2厅|89.54|南|精装|34|板楼|130
郑州|高新区|2室2厅|72.96|北|简装|32|板塔结合|105
郑州|高新区|2室2厅|47.95|北|简装|20|板塔结合|78
郑州|高新区|3室2厅|89.76|南|简装|34|板楼|120
郑州|高新区|2室1厅|89.83|南北|其他|28|板楼|125
郑州|高新区|2室1厅|71.84|南|简装|18|板楼|102
郑州|高新区|2室1厅|85.08|南北|精装|27|板楼|116
郑州|高新区|2室2厅|97.41|南|简装|11|板塔结合|110
郑州|高新区|2室2厅|77.28|南|精装|34|板楼|105
郑州|高新区|2室1厅|37.74|北|精装|20|板塔结合|63
郑州|高新区|2室2厅|73.43|东南|其他|18|板楼|122
郑州|高新区|3室2厅|73.43|南北|精装|33|板塔结合|190
郑州|高新区|2室1厅|76.61|南|精装|34|板塔结合|105
郑州|高新区|2室2厅|83.65|南|简装|33|板楼|118
郑州|高新区|2室1厅|37.83|南|简装|20|板塔结合|63
郑州|高新区|2室2厅|76.38|南|精装|34|板楼|102
郑州|高新区|2室2厅|100.93|南|简装|17|板楼|112
郑州|高新区|3室2厅|100.93|南|精装|18|板楼|149
郑州|高新区|2室2厅|77.23|南|精装|34|板楼|110
郑州|高新区|2室1厅|40.29|西北|精装|20|板塔结合|70
郑州|高新区|2室1厅|77.43|南|精装|34|板楼|106
郑州|高新区|2室2厅|85.77|西南|其他|32|板楼|104
郑州|高新区|2室2厅|77.44|南|精装|34|板楼|105
郑州|高新区|2室1厅|47.92|北|其他|20|板塔结合|75
郑州|高新区|2室2厅|83.75|南|其他|11|板楼|107
郑州|高新区|3室2厅|83.75|南东|精装|34|板楼|125
郑州|高新区|2室1厅|83.85|南北|精装|7|板楼|98
郑州|高新区|2室1厅|60.39|北|精装|16|板楼|95
郑州|高新区|2室1厅|76.93|北南|精装|6|板楼|89
郑州|高新区|2室2厅|100.06|东西|其他|11|板塔结合|115
郑州|高新区|3室2厅|177.16|南北|简装|7|板楼|263
郑州|高新区|2室1厅|54.72|南北|其他|4|暂无数据|50
郑州|高新区|2室2厅|100.06|东西|其他|11|板塔结合|115
郑州|高新区|2室1厅|76.93|北南|精装|6|板楼|89
郑州|高新区|3室2厅|76.93|南北|精装|33|板楼|105
郑州|高新区|3室2厅|87.09|南|精装|11|板楼|133
郑州|高新区|2室1厅|60.39|东北|简装|16|板楼|81
郑州|高新区|2室2厅|91.11|南|精装|15|板塔结合|120
郑州|高新区|4室2厅|91.11|南北|简装|16|板楼|183
郑州|高新区|2室2厅|74.43|南|简装|26|板楼|119
郑州|高新区|2室1厅|77.25|南北|精装|34|板楼|92
郑州|高新区|2室2厅|87.72|南北|精装|7|塔楼|78
郑州|高新区|2室2厅|87.72|南|简装|17|塔楼|128
郑州|高新区|2室1厅|68.29|北|精装|33|板塔结合|89
郑州|高新区|2室2厅|86.68|南|精装|26|板楼|1308
郑州|高新区|2室1厅|77.28|南|其他|34|板楼|102
郑州|高新区|2室2厅|109.15|南西|其他|17|板楼|120
郑州|高新区|2室1厅|94.15|南北|其他|6|板楼|110
郑州|高新区|2室1厅|94.15|南|其他|6|板楼|106
郑州|高新区|1室1厅|37.77|北|精装|20|板塔结合|65
郑州|高新区|3室2厅|55.62|南|精装|20|板塔结合|85
郑州|高新区|2室1厅|37.85|南|其他|20|板塔结合|68
郑州|高新区|3室2厅|118.92|南北|其他|34|板楼|140
郑州|高新区|2室2厅|97.33|西南|简装|16|板塔结合|120
郑州|高新区|2室1厅|68.89|北|精装|33|板塔结合|85
郑州|高新区|2室2厅|68.89|南|精装|15|板楼|110
郑州|高新区|3室2厅|68.89|南|精装|17|板楼|138
郑州|高新区|3室1厅|78.92|南|简装|34|板塔结合|120
郑州|高新区|2室1厅|78.92|北|简装|33|板塔结合|85
郑州|高新区|2室1厅|78.92|南|简装|25|板楼|107
郑州|高新区|2室2厅|83.65|西南|精装|33|板楼|125
郑州|高新区|2室2厅|83.65|北|其他|33|板塔结合|90
郑州|高新区|2室2厅|93.02|东南|简装|16|板塔结合|125
郑州|高新区|2室1厅|67.91|东北|精装|33|板塔结合|95
郑州|高新区|2室1厅|74.97|东北|其他|23|板楼|93
郑州|高新区|3室2厅|74.97|南|精装|17|板楼|138
郑州|高新区|2室1厅|74.97|南北|其他|6|板楼|62
郑州|高新区|2室1厅|91.59|东|精装|34|板塔结合|123
郑州|高新区|3室2厅|38.27|北|精装|20|板塔结合|65
郑州|高新区|3室1厅|78.92|南|简装|34|板塔结合|120
郑州|高新区|3室2厅|98.75|南北|精装|11|板塔结合|150
郑州|高新区|2室1厅|93.09|北|精装|11|板楼|113
郑州|高新区|2室1厅|93.09|南|简装|25|板楼|107
郑州|高新区|2室2厅|83.65|西南|精装|33|板楼|125
郑州|高新区|2室2厅|83.65|北|其他|33|板塔结合|90
郑州|高新区|2室1厅|83.65|北|简装|33|板塔结合|85
郑州|高新区|1室1厅|49.52|北|简装|18|板塔结合|70
郑州|高新区|3室2厅|107.63|南北|简装|6|板塔结合|141
郑州|高新区|1室1厅|37.77|北|精装|20|板塔结合|63
郑州|高新区|2室1厅|68.66|北|简装|33|板塔结合|88
郑州|高新区|3室2厅|68.66|南北|毛坯|18|板塔结合|161
郑州|高新区|3室1厅|89.17|南|简装|11|板塔结合|142
郑州|高新区|3室1厅|88.21|南|精装|34|塔楼|138
郑州|高新区|2室2厅|88.21|西北|其他|34|板塔结合|95
郑州|高新区|2室2厅|73.82|南北|其他|6|塔楼|798
郑州|高新区|2室1厅|71.54|东|简装|18|板楼|97
郑州|高新区|3室1厅|99.52|南北|精装|15|板楼|140
郑州|高新区|2室2厅|87.39|南|精装|33|板塔结合|118
郑州|高新区|2室2厅|78.49|南北|其他|34|板楼|160
郑州|高新区|2室2厅|89.89|南北|简装|15|板楼|125
郑州|高新区|2室1厅|83.85|南北|简装|7|板楼|85
郑州|高新区|2室2厅|83.85|北|精装|33|板塔结合|86
郑州|高新区|2室2厅|78.49|南北|其他|34|板楼|160
郑州|高新区|2室2厅|78.49|北|精装|33|板塔结合|86
郑州|高新区|2室1厅|83.85|南北|简装|7|板楼|85
郑州|高新区|3室2厅|88.64|南|精装|34|板塔结合|120
郑州|高新区|2室1厅|66.81|南|简装|33|板塔结合|115
郑州|高新区|3室1厅|84.47|南|其他|34|塔楼|116
郑州|高新区|3室2厅|121.69|南北|精装|11|板塔结合|163
郑州|高新区|3室2厅|88.64|南|精装|34|板楼|125
郑州|高新区|2室1厅|76.61|南|其他|34|板塔结合|105
郑州|高新区|2室1厅|70.81|东南|简装|6|板楼|77
郑州|高新区|2室1厅|77.25|南|简装|34|板楼|102
郑州|高新区|3室1厅|77.25|南北|精装|33|板楼|110
郑州|高新区|3室2厅|107.66|南|其他|33|板楼|149
郑州|高新区|3室2厅|107.66|南北西|精装|34|板塔结合|177
郑州|高新区|2室1厅|88.88|西西北北|精装|15|板塔结合|110
郑州|高新区|3室2厅|88.88|南北|精装|34|板塔结合|125
郑州|高新区|2室2厅|58.23|南北|其他|23|塔楼|95
郑州|高新区|2室2厅|74.76|南|简装|13|板楼|76
郑州|高新区|3室2厅|116.95|南|精装|34|板塔结合|152
郑州|高新区|2室1厅|51.91|南|其他|33|板塔结合|69
郑州|高新区|2室2厅|73.43|南|精装|18|板楼|115
郑州|高新区|2室2厅|89.94|南北|简装|28|板楼|117
郑州|高新区|1室1厅|73.55|西北|简装|23|塔楼|78
郑州|高新区|3室2厅|88.63|西北|精装|28|板塔结合|125
郑州|高新区|2室1厅|77.25|南|精装|34|板楼|105
郑州|高新区|2室1厅|68.77|南|简装|33|板塔结合|108
郑州|高新区|2室2厅|90.92|南北|精装|6|板楼|115
郑州|高新区|2室1厅|90.92|西北北|精装|32|板塔结合|96
郑州|高新区|3室2厅|86.84|南|其他|17|板楼|1319
郑州|高新区|3室2厅|48.53|南|简装|20|板塔结合|73
郑州|高新区|1室1厅|73.55|西北|简装|23|塔楼|78
郑州|高新区|2室1厅|51.91|南|其他|33|板塔结合|69
郑州|高新区|2室2厅|73.43|南|精装|18|板楼|115
郑州|高新区|3室2厅|116.95|南|精装|34|板塔结合|152
郑州|高新区|2室2厅|89.94|南北|简装|28|板楼|117
郑州|高新区|2室2厅|58.23|南北|其他|23|塔楼|95
郑州|高新区|2室1厅|77.25|南|精装|34|板楼|105
郑州|高新区|3室2厅|89.72|南|毛坯|34|板楼|138
郑州|高新区|1室1厅|51.66|东北|精装|33|板塔结合|70
郑州|高新区|2室2厅|97.09|西|其他|16|板塔结合|126
郑州|高新区|2室1厅|63.96|南北|其他|15|板楼|90
郑州|高新区|2室1厅|93.75|南|简装|6|板楼|115
郑州|高新区|3室2厅|48.53|南|简装|20|板塔结合|73
郑州|高新区|2室1厅|68.77|南|简装|33|板塔结合|108
郑州|高新区|3室2厅|68.77|南北|简装|6|板楼|140
郑州|高新区|3室2厅|68.77|南北|简装|11|板楼|160
郑州|高新区|2室2厅|90.92|南北|精装|6|板楼|115
郑州|高新区|2室1厅|90.92|西北北|精装|32|板塔结合|96
郑州|高新区|3室1厅|86.28|东南|其他|34|板楼|135
郑州|高新区|2室1厅|87.99|南西南|精装|11|板楼|102
郑州|高新区|3室2厅|128.72|南北|其他|6|板楼|127
郑州|高新区|2室1厅|86.24|南|精装|33|板塔结合|130
郑州|高新区|3室1厅|86.84|南|精装|17|板楼|135
郑州|高新区|3室2厅|114.27|南|简装|7|板楼|190
郑州|高新区|2室2厅|89.05|南北|精装|6|板塔结合|92
郑州|高新区|2室1厅|87.75|南|简装|31|板楼|126
郑州|高新区|2室1厅|38.79|南|其他|33|板楼|39
郑州|高新区|3室2厅|126.33|南北|精装|6|板楼|140
郑州|高新区|2室2厅|84.07|南北|简装|5|板楼|108
郑州|高新区|2室2厅|97.93|南北|其他|11|板楼|125
郑州|高新区|3室1厅|89.85|东南|简装|34|板楼|135
郑州|高新区|3室2厅|91.79|南|其他|33|板楼|170
郑州|高新区|3室2厅|88.11|南北|毛坯|33|板楼|178
郑州|高新区|2室2厅|77.47|南|精装|26|板楼|102
郑州|高新区|1室1厅|73.55|西北|精装|23|塔楼|83
郑州|高新区|3室1厅|88.32|南|精装|34|板楼|130
郑州|高新区|3室2厅|91.76|南|其他|33|板楼|165
郑州|高新区|2室2厅|86.45|南|其他|18|板塔结合|125
郑州|高新区|2室1厅|61.73|南|简装|23|板楼|80
郑州|高新区|3室2厅|61.73|北南|精装|24|板楼|178
郑州|高新区|2室1厅|101.37|南|精装|17|塔楼|103
郑州|高新区|3室2厅|93.05|南北|简装|11|板楼|128
郑州|高新区|2室1厅|76.54|南|精装|34|板塔结合|106
郑州|高新区|3室2厅|91.08|南|精装|18|板塔结合|130
郑州|高新区|3室1厅|88.43|南北|精装|34|板楼|137
郑州|高新区|3室2厅|89.53|东南|精装|33|板楼|127
郑州|高新区|2室1厅|77.28|南|简装|34|板楼|100
郑州|高新区|3室2厅|77.28|南北|其他|34|板楼|222
郑州|高新区|3室2厅|114.76|东西北|简装|34|板塔结合|150
郑州|高新区|2室2厅|86.24|南|毛坯|33|板塔结合|110
郑州|高新区|2室1厅|61.73|东|精装|23|板楼|88
郑州|高新区|3室2厅|89.38|南北|简装|34|板楼|128
郑州|高新区|2室1厅|77.25|南|精装|34|板楼|100
郑州|高新区|2室1厅|67.71|北|精装|33|板塔结合|87
郑州|高新区|1室1厅|51.95|北|其他|33|板塔结合|74
郑州|高新区|2室1厅|78.33|西南|其他|34|板楼|98
郑州|高新区|3室2厅|144.34|南北|精装|34|板塔结合|180
郑州|高新区|3室2厅|127.63|南北|精装|34|板楼|225
郑州|高新区|2室2厅|68.71|南|简装|6|板楼|62
郑州|高新区|3室2厅|93.47|南|精装|11|板楼|145
郑州|高新区|2室1厅|92.98|南东北|简装|6|板楼|100
郑州|高新区|2室2厅|89.76|南|简装|33|板塔结合|118
郑州|高新区|2室1厅|77.28|南|精装|34|板楼|105
郑州|高新区|3室2厅|89.63|南|精装|33|板塔结合|123
郑州|高新区|2室1厅|87.01|西北|简装|7|板楼|82
郑州|高新区|2室1厅|78.35|南|精装|34|板楼|99
郑州|高新区|4室1厅|87.92|南北|毛坯|33|板塔结合|242
郑州|高新区|2室2厅|88.83|东南|简装|34|板楼|120
郑州|高新区|2室2厅|93.75|南|其他|6|板楼|105
郑州|高新区|2室2厅|73.07|东|精装|6|板楼|128
郑州|高新区|2室2厅|91.42|南|简装|6|暂无数据|88
郑州|高新区|3室2厅|88.61|南|精装|35|板楼|112
郑州|高新区|2室1厅|90.98|南|简装|13|板塔结合|120
郑州|高新区|2室1厅|74.97|东南|简装|23|板楼|94
郑州|高新区|3室2厅|85.87|南|精装|34|板楼|136
郑州|高新区|2室2厅|89.83|南|精装|18|塔楼|116
郑州|高新区|2室2厅|92.98|南|精装|6|板楼|106
郑州|高新区|2室1厅|77.25|南|其他|34|板楼|103
郑州|高新区|3室2厅|146.56|南北|精装|6|板楼|146
郑州|高新区|3室2厅|108.64|南北|简装|6|板楼|114
郑州|高新区|2室2厅|108.64|西南|精装|34|板楼|120
郑州|高新区|3室1厅|89.71|南|精装|30|塔楼|123
郑州|高新区|3室2厅|143.24|南北|简装|33|板楼|263
郑州|高新区|3室1厅|92.42|南|其他|32|板塔结合|130
郑州|高新区|2室2厅|88.68|南|精装|28|塔楼|118
郑州|高新区|2室1厅|81.61|东|精装|33|板楼|117
郑州|高新区|2室2厅|91.17|南|简装|28|板塔结合|113
郑州|高新区|2室2厅|89.38|南西南|简装|6|板楼|119
郑州|高新区|2室1厅|68.36|东北|精装|27|板楼|82
郑州|高新区|2室2厅|93.56|南北|精装|11|板楼|125
郑州|高新区|3室1厅|92.42|南|其他|32|板塔结合|130
郑州|高新区|3室2厅|143.24|南北|简装|33|板楼|263
郑州|高新区|2室2厅|88.68|南|精装|28|塔楼|118
郑州|高新区|2室1厅|77.25|南|其他|34|板楼|103
郑州|高新区|2室1厅|90.98|南|简装|13|板塔结合|120
郑州|高新区|3室2厅|88.61|南|精装|35|板楼|112
郑州|高新区|2室2厅|89.83|南|精装|18|塔楼|116
郑州|高新区|2室2厅|92.98|南|精装|6|板楼|106
郑州|高新区|3室2厅|85.87|南|精装|34|板楼|136
郑州|高新区|2室1厅|74.97|东南|简装|23|板楼|94
郑州|高新区|2室2厅|91.42|南|简装|6|暂无数据|88
郑州|高新区|2室2厅|73.07|东|精装|6|板楼|128
郑州|高新区|2室1厅|78.35|南|精装|34|板楼|99
郑州|高新区|3室2厅|146.56|南北|精装|6|板楼|146
郑州|高新区|2室2厅|91.17|南|简装|28|板塔结合|113
郑州|高新区|2室1厅|81.61|东|精装|33|板楼|117
郑州|高新区|3室2厅|81.61|东南北|简装|33|板楼|166
郑州|高新区|2室2厅|77.89|西南|精装|34|板塔结合|106
郑州|高新区|2室2厅|69.08|北|精装|32|板塔结合|895
郑州|高新区|3室2厅|69.08|南北|其他|7|板楼|115
郑州|高新区|2室1厅|62.42|南北|其他|11|板楼|93
郑州|高新区|2室1厅|73.55|西西北|简装|23|塔楼|89
郑州|高新区|2室2厅|88.69|南|精装|34|板楼|145
郑州|高新区|2室2厅|102.93|南北|简装|6|板楼|160
郑州|高新区|2室1厅|59.87|南|精装|34|板楼|698
郑州|高新区|3室2厅|59.87|西南|简装|6|板楼|100
郑州|高新区|1室1厅|47.58|东北|精装|18|板塔结合|75
郑州|高新区|3室2厅|110.89|南|精装|18|板楼|140
郑州|高新区|2室2厅|77.78|北|精装|34|板楼|96
郑州|高新区|2室2厅|85.38|南|简装|15|板楼|110
郑州|高新区|3室2厅|105.62|东南|简装|33|板楼|135
郑州|高新区|2室2厅|77.78|北|精装|34|板楼|96
郑州|高新区|2室2厅|93.58|南北|精装|6|板楼|114
郑州|高新区|2室2厅|93.58|南北|简装|6|板楼|83
郑州|高新区|3室1厅|89.89|南北|精装|15|板楼|118
郑州|高新区|3室1厅|89.89|南北|精装|11|板塔结合|160
郑州|高新区|3室1厅|49.91|南|精装|20|板塔结合|73
郑州|高新区|2室2厅|87.49|南|精装|28|板楼|122
郑州|高新区|2室2厅|85.38|南|简装|15|板楼|110
郑州|高新区|2室1厅|49.88|南|简装|20|板塔结合|83
郑州|高新区|1室1厅|57.88|南|精装|23|塔楼|75
郑州|高新区|2室2厅|94.69|南北|简装|6|板楼|118
郑州|高新区|3室2厅|129.18|东北|其他|7|暂无数据|138
郑州|高新区|2室1厅|88.48|南北|其他|26|板楼|128
郑州|高新区|1室1厅|47.58|北|简装|18|板塔结合|69
郑州|高新区|2室1厅|61.37|南|其他|23|塔楼|78
郑州|高新区|2室2厅|93.28|南北|精装|16|板楼|115
郑州|高新区|2室2厅|91.17|西南|精装|28|板塔结合|114
郑州|高新区|3室1厅|90.59|北|其他|6|板楼|130
郑州|高新区|2室1厅|35.74|西|简装|9|板楼|60
郑州|高新区|3室2厅|87.72|南|简装|7|板楼|805
郑州|高新区|2室2厅|89.41|西|精装|33|板塔结合|130
郑州|高新区|2室2厅|93.58|南|简装|6|板楼|120
郑州|高新区|3室2厅|86.22|南|简装|33|板楼|1135
郑州|高新区|2室1厅|71.14|东南|精装|34|板楼|105
郑州|高新区|3室2厅|89.95|东南|精装|34|板楼|127
郑州|高新区|3室2厅|88.27|南|精装|33|板塔结合|120
郑州|高新区|3室2厅|119.26|南|简装|14|板楼|160
郑州|高新区|2室1厅|89.94|南|精装|18|板塔结合|116
郑州|高新区|3室2厅|85.79|南北|简装|6|板楼|90
郑州|高新区|1室1厅|46.33|南|精装|33|板塔结合|75
郑州|高新区|2室2厅|89.95|南北|简装|28|板楼|115
郑州|高新区|2室1厅|88.48|南北|其他|26|板楼|128
郑州|高新区|2室2厅|76.54|南|其他|34|板塔结合|115
郑州|高新区|3室2厅|118.67|南北|简装|7|板楼|223
郑州|高新区|2室2厅|93.28|南北|精装|16|板楼|116
郑州|高新区|3室2厅|93.28|西|精装|26|塔楼|210
郑州|高新区|3室2厅|93.28|西南|简装|18|塔楼|1248
郑州|高新区|3室2厅|88.28|西南|其他|34|塔楼|129
郑州|高新区|3室2厅|89.65|南|精装|34|板塔结合|124
郑州|高新区|3室1厅|48.37|南|精装|20|板塔结合|75
郑州|高新区|2室2厅|83.66|东南|其他|34|板塔结合|110
郑州|高新区|3室2厅|88.03|南|精装|11|板楼|119
郑州|高新区|3室2厅|89.29|南|精装|34|板塔结合|135
郑州|高新区|2室1厅|89.83|南北|其他|28|塔楼|115
郑州|高新区|2室1厅|37.74|北|精装|20|板塔结合|65
郑州|高新区|3室1厅|88.41|东南|精装|34|板楼|130
郑州|高新区|3室2厅|134.63|南|精装|7|板楼|154
郑州|高新区|1室1厅|47.58|北|简装|18|板塔结合|69
郑州|高新区|2室1厅|61.37|南|其他|23|塔楼|78
郑州|高新区|3室2厅|86.22|南|简装|33|板楼|1135
郑州|高新区|3室2厅|89.95|东南|精装|34|板楼|127
郑州|高新区|2室1厅|71.14|东南|精装|34|板楼|105
郑州|高新区|2室2厅|93.28|南北|精装|16|板楼|115
郑州|高新区|3室2厅|88.27|南|精装|33|板塔结合|120
郑州|高新区|2室2厅|93.58|南|简装|6|板楼|120
郑州|高新区|2室1厅|35.74|西|简装|9|板楼|60
郑州|高新区|3室2厅|87.72|南|简装|7|板楼|805
郑州|高新区|2室2厅|89.41|西|精装|33|板塔结合|130
郑州|高新区|3室1厅|90.59|北|其他|6|板楼|130
郑州|高新区|2室1厅|73.82|南|其他|6|塔楼|71
郑州|高新区|3室1厅|106.55|东南南|精装|18|塔楼|132
郑州|高新区|2室1厅|71.84|南北|精装|18|板楼|98
郑州|高新区|3室1厅|71.84|南北|简装|34|板楼|165
郑州|高新区|2室1厅|89.59|西南|简装|15|板楼|115
郑州|高新区|3室2厅|89.59|西|精装|26|塔楼|210
郑州|高新区|2室1厅|89.59|南|简装|20|板塔结合|61
郑州|高新区|3室2厅|124.18|南北|简装|6|板楼|149
郑州|高新区|3室2厅|124.18|西南|简装|18|塔楼|1248
郑州|高新区|2室2厅|89.64|南|精装|11|板楼|129
郑州|高新区|1室1厅|46.33|南|精装|33|板塔结合|75
郑州|高新区|2室2厅|89.95|南北|简装|28|板楼|115
郑州|高新区|3室1厅|92.91|南西南|精装|33|板塔结合|138
郑州|高新区|3室2厅|89.73|南|简装|34|板楼|112
郑州|高新区|3室1厅|110.36|南|精装|18|板楼|149
郑州|高新区|3室2厅|145.02|南西|精装|27|板楼|225
郑州|高新区|3室2厅|134.63|南|精装|7|板楼|154
郑州|高新区|3室2厅|89.29|南|精装|34|板塔结合|135
郑州|高新区|3室1厅|88.61|西|精装|34|板塔结合|120
郑州|高新区|3室2厅|88.03|南|精装|11|板楼|119
郑州|高新区|3室2厅|86.77|南|精装|17|板楼|138
郑州|高新区|3室2厅|101.09|南西北|精装|6|板楼|170
郑州|高新区|2室1厅|89.83|南北|其他|28|塔楼|115
郑州|高新区|3室2厅|88.28|西南|其他|34|塔楼|129
郑州|高新区|3室2厅|89.65|南|精装|34|板塔结合|124
郑州|高新区|3室1厅|89.65|南北|简装|6|板楼|90
郑州|高新区|3室1厅|88.41|东南|精装|34|板楼|130
郑州|高新区|3室1厅|48.37|南|精装|20|板塔结合|75
郑州|高新区|3室2厅|110.85|西北|简装|17|板塔结合|127
郑州|高新区|2室2厅|89.47|南北|精装|6|板楼|108
郑州|高新区|2室2厅|90.54|南西南|毛坯|11|板塔结合|102
郑州|高新区|2室2厅|83.66|东南|其他|34|板塔结合|110
郑州|高新区|2室1厅|78.77|南|精装|18|板塔结合|100
郑州|高新区|3室2厅|126.56|南|精装|34|板塔结合|150
郑州|高新区|3室2厅|118.67|南北|简装|7|板楼|223
郑州|高新区|2室2厅|93.28|南北|精装|16|板楼|116
郑州|高新区|3室1厅|92.42|南|简装|33|板塔结合|110
郑州|高新区|3室2厅|109.16|北南|其他|15|暂无数据|67
郑州|高新区|3室2厅|90.38|西南|精装|26|板楼|120
郑州|高新区|2室1厅|78.71|南|简装|16|板楼|94
郑州|高新区|2室1厅|78.71|南|简装|26|板楼|99
郑州|高新区|3室2厅|114.04|南北|其他|6|板楼|145
郑州|高新区|3室2厅|114.04|南|简装|18|塔楼|121
郑州|高新区|2室2厅|78.77|南|其他|18|板塔结合|105
郑州|高新区|2室2厅|86.55|西南|精装|26|塔楼|108
郑州|高新区|3室2厅|90.65|南|简装|32|板塔结合|126
郑州|高新区|2室2厅|72.42|东北|精装|34|板塔结合|96
郑州|高新区|2室2厅|72.39|东北|其他|34|板塔结合|88
郑州|高新区|3室2厅|120.35|西南|精装|18|塔楼|145
郑州|高新区|2室2厅|85.99|南|简装|16|板楼|95
郑州|高新区|3室1厅|108.79|东南|毛坯|26|塔楼|120
郑州|高新区|3室1厅|108.79|南北|精装|33|板楼|146
郑州|高新区|3室1厅|84.23|西南|简装|26|板楼|117
郑州|高新区|2室2厅|89.94|南西北|精装|28|板楼|117
郑州|高新区|4室2厅|89.94|南北|简装|6|板楼|208
郑州|高新区|2室2厅|85.99|南|精装|16|板楼|105
郑州|高新区|3室2厅|106.73|西南|简装|18|塔楼|122
郑州|高新区|2室1厅|100.93|南|其他|17|板楼|110
郑州|高新区|3室2厅|97.85|南北|精装|11|板楼|130
郑州|高新区|3室2厅|87.22|南北|其他|33|板楼|123
郑州|高新区|3室2厅|97.08|南北|精装|25|板楼|150
郑州|高新区|3室2厅|88.06|南|简装|18|板楼|130
郑州|高新区|2室1厅|88.06|东北|简装|32|板塔结合|95
郑州|高新区|3室2厅|111.94|东南南|精装|18|板塔结合|120
郑州|高新区|2室2厅|95.21|南北|精装|16|板楼|116
郑州|高新区|2室1厅|58.68|南|简装|6|板楼|66
郑州|高新区|2室2厅|87.72|南北|简装|7|板楼|78
郑州|高新区|3室1厅|88.71|南|精装|17|板楼|133
郑州|高新区|3室2厅|90.18|南|精装|27|板楼|122
郑州|高新区|2室2厅|86.53|南东|精装|33|板塔结合|115
郑州|高新区|3室1厅|87.28|南北|精装|34|板楼|150
郑州|高新区|3室2厅|108.64|南北|简装|6|塔楼|138
郑州|高新区|2室1厅|108.64|南|其他|20|板塔结合|68
郑州|高新区|3室2厅|88.32|西东北|精装|34|板塔结合|1238
郑州|高新区|3室1厅|88.32|南|简装|24|板楼|117
郑州|高新区|2室1厅|88.32|南北|精装|6|板楼|77
郑州|高新区|2室1厅|62.42|南北|简装|11|板楼|90
郑州|高新区|3室1厅|88.53|东南南|简装|18|板楼|123
郑州|高新区|3室1厅|89.26|南|精装|34|板楼|126
郑州|高新区|2室2厅|87.99|南北|其他|6|板塔结合|126
郑州|高新区|2室1厅|90.46|南|精装|34|板楼|112
郑州|高新区|3室2厅|90.46|南北|精装|5|板楼|72
郑州|高新区|3室2厅|131.07|南西南|精装|27|板楼|186
郑州|高新区|3室2厅|108.51|南西|简装|18|板塔结合|118
郑州|高新区|3室2厅|126.41|南北|毛坯|34|板楼|176
郑州|高新区|3室1厅|89.17|南北|其他|11|板塔结合|142
郑州|高新区|3室1厅|89.17|南北|简装|34|板楼|138
郑州|高新区|3室2厅|103.71|南北|精装|33|板楼|130
郑州|高新区|3室2厅|87.92|南|简装|33|板塔结合|157
郑州|高新区|3室2厅|128.21|南北|毛坯|34|板楼|155
郑州|高新区|3室1厅|82.47|南|毛坯|33|板楼|102
郑州|高新区|3室1厅|108.15|南北|毛坯|33|板塔结合|1195
郑州|高新区|3室2厅|124.21|南北|简装|34|板楼|160
郑州|高新区|3室1厅|80.96|南|精装|34|板楼|130
郑州|高新区|3室2厅|146.38|南|其他|24|板楼|199
郑州|高新区|3室2厅|111.77|南|简装|34|板楼|145
郑州|高新区|3室2厅|117.37|西|精装|26|板楼|171
郑州|高新区|4室1厅|190.12|西|毛坯|6|板楼|165
郑州|高新区|3室2厅|88.54|南|精装|34|板楼|122
郑州|高新区|3室2厅|95.91|南北|简装|6|板楼|125
郑州|高新区|3室2厅|117.86|东南北|毛坯|33|板楼|183
郑州|高新区|3室2厅|126.63|南北|其他|34|板楼|183
郑州|高新区|4室2厅|111.23|南北|精装|33|板塔结合|214
郑州|高新区|3室2厅|119.31|南|精装|34|板塔结合|165
郑州|高新区|3室2厅|117.37|南|精装|26|板楼|190
郑州|高新区|4室2厅|136.42|西|毛坯|27|板楼|179
郑州|高新区|3室2厅|92.59|南|精装|32|板塔结合|123
郑州|高新区|3室2厅|108.13|南北|毛坯|34|板楼|248
郑州|高新区|4室2厅|177.71|南|简装|16|板塔结合|249
郑州|高新区|3室2厅|89.29|南|精装|18|板塔结合|159
郑州|高新区|3室2厅|89.29|南北|毛坯|34|板楼|164
郑州|高新区|3室2厅|89.29|南东南|精装|18|板塔结合|121
郑州|高新区|3室2厅|119.17|南北|精装|33|板楼|140
郑州|高新区|4室2厅|129.86|东南北|毛坯|34|板塔结合|255
郑州|高新区|2室2厅|87.23|南|精装|17|板楼|132
郑州|高新区|1室0厅|40.84|北|简装|23|塔楼|55
郑州|高新区|1室1厅|48.07|南|精装|20|板楼|48
郑州|高新区|1室1厅|48.07|南|简装|18|板楼|75
郑州|高新区|1室0厅|48.07|南|精装|20|板楼|48
郑州|高新区|1室1厅|32.58|北|精装|28|塔楼|25
郑州|高新区|1室1厅|32.58|北|精装|28|塔楼|25
郑州|高新区|2室1厅|34.56|北|精装|19|板塔结合|35
郑州|高新区|2室2厅|68.71|南北|精装|6|板楼|78
郑州|高新区|1室0厅|37.71|南|简装|28|塔楼|30
郑州|高新区|2室2厅|77.89|东南|精装|34|板塔结合|110
郑州|高新区|2室2厅|68.71|南|简装|6|板楼|57
郑州|高新区|1室1厅|35.85|南|精装|29|板塔结合|36
郑州|高新区|1室1厅|48.07|西南|精装|20|板楼|45
郑州|高新区|1室1厅|56.08|南|简装|11|板塔结合|100
郑州|高新区|1室0厅|37.71|南|精装|28|塔楼|33
郑州|高新区|1室1厅|35.99|南|简装|28|塔楼|25
郑州|高新区|1室1厅|57.88|南|精装|23|塔楼|78
郑州|高新区|1室0厅|57.88|西|简装|24|板塔结合|57
郑州|高新区|1室0厅|42.02|南|简装|13|板楼|50
郑州|高新区|1室0厅|36.76|南|精装|11|板楼|46
郑州|高新区|1室1厅|57.25|南|简装|23|塔楼|73
郑州|高新区|1室1厅|57.25|南|简装|28|塔楼|37
郑州|高新区|2室1厅|50.55|南|精装|19|板楼|55
郑州|高新区|2室1厅|84.02|北南|简装|4|板塔结合|80
郑州|高新区|1室1厅|37.71|东南|简装|28|塔楼|36
郑州|高新区|1室1厅|51.88|东北|简装|33|板塔结合|75
郑州|高新区|1室0厅|49.86|西|简装|24|板塔结合|62
郑州|高新区|2室1厅|45.09|南|简装|20|板楼|42
郑州|高新区|1室1厅|35.12|北|简装|19|板塔结合|30
郑州|高新区|2室2厅|35.12|南|简装|28|塔楼|118
郑州|高新区|1室0厅|35.79|北|简装|18|板塔结合|50
郑州|高新区|1室0厅|42.31|北|简装|27|板塔结合|33
郑州|高新区|2室2厅|85.08|南|精装|27|板楼|116
郑州|高新区|2室1厅|41.08|南|简装|15|板楼|40
郑州|高新区|2室1厅|61.73|东|简装|23|板楼|75
郑州|高新区|2室1厅|35.74|西西北|精装|9|板楼|628
郑州|高新区|2室1厅|63.72|北|简装|30|板塔结合|64
郑州|高新区|2室1厅|61.73|东|简装|23|板楼|75
郑州|高新区|2室1厅|64.81|东南|精装|30|塔楼|55
郑州|高新区|1室0厅|42.27|东|精装|9|板楼|42
郑州|高新区|2室1厅|42.27|西|精装|9|板楼|57
郑州|高新区|1室0厅|42.27|南|精装|18|板塔结合|42
郑州|高新区|2室1厅|42.16|北|精装|21|板楼|39
郑州|高新区|1室1厅|63.64|北|精装|30|板塔结合|605
郑州|高新区|2室2厅|75.79|南|精装|34|板塔结合|625
郑州|高新区|2室1厅|77.25|南|精装|34|板楼|1019
郑州|高新区|2室2厅|72.42|西南|精装|33|板塔结合|89
郑州|高新区|1室0厅|42.27|东|精装|9|板楼|43
郑州|高新区|2室1厅|49.25|北|精装|20|板楼|515
郑州|高新区|2室1厅|37.65|西|简装|9|板楼|58
郑州|高新区|2室2厅|37.65|南|简装|15|板楼|115
郑州|高新区|3室1厅|77.63|南|简装|19|塔楼|94
郑州|高新区|2室1厅|77.63|南|精装|13|板楼|50
郑州|高新区|3室2厅|77.63|南|毛坯|33|板塔结合|105
郑州|高新区|3室2厅|115.92|南|毛坯|34|板楼|146
郑州|高新区|3室2厅|115.92|南北|精装|26|板楼|220
郑州|高新区|3室2厅|90.27|南|其他|34|板塔结合|1209
郑州|高新区|1室1厅|41.21|东|简装|15|板塔结合|385
郑州|高新区|3室2厅|115.67|东|简装|33|板塔结合|160
郑州|高新区|3室2厅|111.27|南北|简装|18|板塔结合|166
郑州|高新区|3室2厅|91.56|东南|精装|33|板楼|140
郑州|高新区|3室2厅|117.68|南北|精装|33|板楼|198
郑州|高新区|2室2厅|81.25|东南南|毛坯|31|板塔结合|130
郑州|高新区|3室2厅|97.08|南|精装|25|板楼|155
郑州|高新区|3室2厅|108.15|南北|毛坯|33|板塔结合|131
郑州|高新区|3室2厅|108.15|南北|毛坯|33|板塔结合|131
郑州|高新区|3室2厅|89.48|南|简装|27|板塔结合|78
郑州|高新区|3室2厅|90.46|南|精装|34|板塔结合|129
郑州|高新区|3室1厅|119.09|南北|毛坯|32|板楼|193
郑州|高新区|3室2厅|113.44|南北|简装|26|板楼|167
郑州|高新区|3室2厅|115.67|南|毛坯|33|板塔结合|138
郑州|高新区|2室2厅|89.51|东南|精装|26|板楼|124
郑州|高新区|3室2厅|89.51|南|精装|34|板楼|105
郑州|高新区|3室2厅|117.71|南北|毛坯|34|板楼|142
郑州|高新区|3室2厅|91.85|南|毛坯|33|板楼|145
郑州|高新区|3室2厅|88.11|南|毛坯|33|板塔结合|110
郑州|高新区|2室2厅|89.05|南|简装|6|板塔结合|95
郑州|高新区|3室2厅|108.61|南北|毛坯|33|板塔结合|1398
郑州|高新区|4室2厅|114.67|南北|精装|17|板楼|1699
郑州|高新区|4室2厅|186.13|南北|精装|6|板楼|179
郑州|高新区|3室2厅|109.36|南北|简装|34|板楼|145
郑州|高新区|4室2厅|131.19|南北|简装|34|板塔结合|158
郑州|高新区|3室2厅|141.02|南北|精装|29|板楼|239
郑州|高新区|3室2厅|88.13|南北|精装|33|板楼|130
郑州|高新区|3室2厅|88.13|南北|毛坯|6|板楼|144
郑州|高新区|3室2厅|139.95|东南|简装|6|板楼|145
郑州|高新区|3室2厅|139.95|南|精装|21|板楼|61
郑州|高新区|3室2厅|89.83|南|精装|33|板塔结合|145
郑州|高新区|3室1厅|89.78|东南|简装|28|板塔结合|1398
郑州|高新区|3室2厅|88.24|南|精装|34|板楼|114
郑州|高新区|3室2厅|89.98|南|精装|34|板楼|175
郑州|高新区|3室1厅|89.25|东南|精装|24|板楼|127
郑州|高新区|3室2厅|118.54|南|精装|33|板楼|216
郑州|高新区|3室1厅|75.73|南|精装|34|板塔结合|63
郑州|高新区|4室2厅|115.43|南北|简装|34|板楼|220
郑州|高新区|3室1厅|88.41|东南南|精装|35|板楼|106
郑州|高新区|3室1厅|103.44|西南|简装|33|板塔结合|123
郑州|高新区|3室2厅|110.85|南|精装|17|板塔结合|124
郑州|高新区|4室2厅|212.22|西南|精装|4|暂无数据|840
郑州|高新区|2室1厅|212.22|南|其他|21|板楼|42
郑州|高新区|3室2厅|134.57|南北|其他|6|板楼|125
郑州|高新区|3室2厅|134.57|南|精装|33|板塔结合|150
郑州|高新区|2室1厅|134.57|南|其他|34|板楼|174
郑州|高新区|4室2厅|134.57|南|精装|8|板楼|490
郑州|高新区|2室2厅|134.57|南北|简装|15|板楼|123
郑州|高新区|2室2厅|88.43|南西南|精装|33|板楼|122
郑州|高新区|2室2厅|93.93|南|其他|33|板塔结合|125
郑州|高新区|3室2厅|89.31|南|其他|34|板楼|138
郑州|高新区|2室2厅|86.36|南|其他|15|板楼|111
郑州|高新区|3室1厅|112.34|南北|其他|26|塔楼|167
郑州|高新区|2室1厅|68.46|西北|精装|27|板楼|80
郑州|高新区|1室1厅|49.62|南|精装|20|板楼|40
郑州|高新区|1室1厅|45.05|北|简装|28|塔楼|38
郑州|高新区|1室1厅|45.08|南|精装|28|塔楼|45
郑州|高新区|1室1厅|35.74|东|精装|9|板楼|53
郑州|高新区|2室1厅|85.41|南|简装|11|板塔结合|108
郑州|高新区|3室2厅|48.18|南|精装|20|板塔结合|95
郑州|高新区|1室0厅|31.91|东|其他|44|塔楼|32
郑州|高新区|2室2厅|75.67|南|简装|29|塔楼|115
郑州|高新区|1室0厅|46.91|东南|精装|24|板塔结合|62
郑州|高新区|1室0厅|49.86|西|简装|24|板塔结合|55
郑州|高新区|2室1厅|40.31|北|简装|20|板塔结合|65
郑州|高新区|1室0厅|45.42|西|简装|13|板楼|44
郑州|高新区|1室0厅|43.15|北|简装|11|板塔结合|56
郑州|高新区|2室1厅|40.86|北|精装|20|板塔结合|62
郑州|高新区|2室2厅|68.71|南北|其他|6|板楼|60
郑州|高新区|2室2厅|89.83|南北|其他|28|板楼|123
郑州|高新区|2室2厅|89.83|南|简装|20|板塔结合|65
郑州|高新区|1室0厅|58.23|北|精装|23|塔楼|65
郑州|高新区|1室1厅|58.23|西|其他|23|塔楼|719
郑州|高新区|2室1厅|40.31|北|简装|20|板塔结合|62
郑州|高新区|1室0厅|37.17|北|其他|28|塔楼|33
郑州|高新区|2室1厅|37.17|北|简装|20|板塔结合|65
郑州|高新区|1室0厅|48.82|西|其他|24|板塔结合|47
郑州|高新区|1室0厅|57.34|南|其他|23|塔楼|76
郑州|高新区|1室1厅|57.25|南|简装|23|塔楼|75
郑州|高新区|2室1厅|48.07|东|其他|20|板楼|52
郑州|高新区|1室0厅|40.84|东北|简装|23|塔楼|50
郑州|高新区|1室1厅|47.58|北|精装|18|板塔结合|75
郑州|高新区|2室2厅|87.99|南北|其他|6|板塔结合|120
郑州|高新区|1室1厅|60.51|西南|简装|23|塔楼|85
郑州|高新区|2室2厅|76.17|南|简装|6|板塔结合|100
郑州|高新区|2室1厅|40.25|北|简装|20|板塔结合|60
郑州|高新区|2室1厅|37.74|北|简装|20|板塔结合|55
郑州|高新区|2室1厅|59.07|南|简装|34|暂无数据|70
郑州|高新区|3室2厅|84.31|南|其他|15|板塔结合|115
郑州|高新区|1室1厅|84.31|南|精装|23|塔楼|80
郑州|高新区|3室2厅|88.71|南|精装|15|板塔结合|108
郑州|高新区|2室1厅|35.92|南东|精装|15|板楼|43
郑州|高新区|2室1厅|89.17|南北|简装|11|板塔结合|138
郑州|高新区|1室1厅|36.04|南|其他|28|塔楼|25
郑州|高新区|1室0厅|40.84|北|简装|23|塔楼|52
郑州|高新区|2室2厅|84.79|南|其他|6|板楼|100
郑州|高新区|1室0厅|84.79|北|精装|23|板楼|42
郑州|高新区|1室0厅|40.84|北|简装|23|塔楼|55
郑州|高新区|2室2厅|79.08|南北|其他|34|暂无数据|123
郑州|高新区|3室2厅|79.08|南|其他|20|板塔结合|78
郑州|高新区|2室1厅|74.97|南|简装|23|板楼|90
郑州|高新区|2室2厅|89.47|南北|简装|6|板楼|108
郑州|高新区|2室2厅|89.32|南北|其他|18|板塔结合|114
郑州|高新区|2室2厅|48.53|南|精装|20|板塔结合|76
郑州|高新区|2室1厅|66.98|南|精装|23|板楼|85
郑州|高新区|2室1厅|61.73|东|简装|23|板楼|83
郑州|高新区|3室1厅|73.09|南北|简装|5|板楼|58
郑州|高新区|2室1厅|98.17|南北|简装|15|板塔结合|128
郑州|高新区|2室2厅|76.93|南北|简装|6|板楼|85
郑州|高新区|1室1厅|57.34|南|精装|23|塔楼|78
郑州|高新区|2室1厅|57.25|南|精装|23|塔楼|80
郑州|高新区|2室2厅|91.36|南|简装|18|板塔结合|128
郑州|高新区|1室2厅|65.96|南东|其他|34|板塔结合|100
郑州|高新区|1室1厅|46.19|南|精装|33|板塔结合|895
郑州|高新区|1室1厅|52.13|西北|其他|32|板塔结合|65
郑州|高新区|1室1厅|57.34|南|精装|23|塔楼|70
郑州|高新区|1室0厅|32.84|北|简装|28|板塔结合|39
郑州|高新区|1室0厅|35.68|北|其他|18|板塔结合|45
郑州|高新区|2室1厅|35.68|南北|精装|6|板楼|78
郑州|高新区|2室1厅|61.19|南|简装|23|塔楼|69
郑州|高新区|1室1厅|57.25|南|精装|23|塔楼|85
郑州|高新区|1室1厅|35.67|北|精装|18|板塔结合|52
郑州|高新区|2室1厅|59.87|南|精装|34|板楼|708
郑州|高新区|2室2厅|88.84|南北|简装|6|板楼|102
郑州|高新区|2室1厅|88.84|东南|精装|33|板楼|865
郑州|高新区|1室1厅|36.09|北|精装|13|板塔结合|42
郑州|高新区|2室2厅|36.09|南|精装|18|塔楼|131
郑州|高新区|2室1厅|37.85|南东南|精装|20|板塔结合|69
郑州|高新区|1室1厅|57.43|南北|其他|27|板楼|70
郑州|高新区|1室0厅|32.84|北|精装|28|板塔结合|41
郑州|高新区|3室1厅|32.84|南|简装|15|暂无数据|58
郑州|高新区|1室1厅|57.89|东南|精装|6|板楼|72
郑州|高新区|1室0厅|57.89|北|简装|23|板楼|45
郑州|高新区|3室1厅|50.76|北|其他|20|板塔结合|85
郑州|高新区|1室1厅|40.84|北|简装|23|塔楼|60
郑州|高新区|1室0厅|33.64|北|简装|23|板楼|41
郑州|高新区|2室2厅|80.77|南|简装|27|板楼|112
郑州|高新区|2室2厅|86.92|南|简装|25|板楼|118
郑州|高新区|2室2厅|87.23|南|精装|17|板楼|129
郑州|高新区|1室1厅|87.23|北|其他|33|板塔结合|72
郑州|高新区|2室1厅|61.57|南|简装|9|塔楼|90
郑州|高新区|2室2厅|86.21|东南|精装|34|板塔结合|107
郑州|高新区|1室1厅|46.91|东|精装|24|板塔结合|49
郑州|高新区|1室1厅|40.57|东北|简装|23|塔楼|50
郑州|高新区|1室1厅|42.67|东南|其他|9|板楼|43
郑州|高新区|3室1厅|49.79|南|精装|20|板塔结合|75
郑州|高新区|1室1厅|57.34|南|精装|23|塔楼|68
郑州|高新区|1室0厅|31.54|西|其他|9|板楼|36
郑州|高新区|2室2厅|60.98|西北|精装|34|板塔结合|78
郑州|高新区|1室1厅|32.64|北|简装|28|塔楼|25
郑州|高新区|1室0厅|31.54|西|简装|9|板楼|35
郑州|高新区|2室1厅|76.51|东北|其他|33|板楼|96
郑州|高新区|1室0厅|44.99|东|简装|9|板楼|40
郑州|高新区|1室0厅|33.64|北|其他|23|板楼|439
郑州|高新区|1室1厅|40.83|北|简装|23|塔楼|55
郑州|高新区|1室0厅|41.65|北|简装|33|板塔结合|52
郑州|高新区|2室2厅|104.57|西|精装|18|塔楼|120
郑州|高新区|1室0厅|31.54|西|精装|9|板楼|35
郑州|高新区|1室0厅|42.27|东|简装|9|板楼|42
郑州|高新区|1室1厅|32.84|南|精装|28|板塔结合|395
郑州|高新区|2室2厅|87.82|西|精装|6|板楼|115
郑州|高新区|1室1厅|45.36|西北|精装|24|板楼|69
郑州|高新区|1室0厅|31.54|西|精装|9|板楼|35
郑州|高新区|1室1厅|31.54|北|其他|33|板塔结合|72
郑州|高新区|2室1厅|61.57|南|简装|9|塔楼|90
郑州|高新区|1室0厅|31.54|西|其他|9|板楼|36
郑州|高新区|2室1厅|76.51|东北|其他|33|板楼|96
郑州|高新区|1室0厅|33.64|北|其他|23|板楼|439
郑州|高新区|2室2厅|104.57|西|精装|18|塔楼|120
郑州|高新区|1室1厅|42.27|东|其他|9|板楼|408
郑州|高新区|1室0厅|49.86|西|简装|24|板塔结合|54
郑州|高新区|1室1厅|47.73|北|精装|33|板塔结合|75
郑州|高新区|1室0厅|30.35|西|简装|9|板楼|33
郑州|高新区|2室1厅|49.79|南|精装|20|板塔结合|75
郑州|高新区|1室0厅|40.84|北|其他|23|塔楼|485
郑州|高新区|2室1厅|93.28|南北|精装|16|板楼|118
郑州|高新区|1室0厅|41.65|北|简装|33|板塔结合|52
郑州|高新区|2室1厅|37.85|南|精装|20|板塔结合|69
郑州|高新区|2室1厅|74.97|西北|简装|23|板楼|95
郑州|高新区|2室1厅|56.12|西南|简装|23|板楼|739
郑州|高新区|1室0厅|57.88|南|精装|23|塔楼|71
郑州|高新区|3室1厅|57.88|南|精装|20|板塔结合|73
郑州|高新区|1室1厅|40.83|北|简装|23|塔楼|55
郑州|高新区|1室1厅|57.42|南北|简装|27|板楼|66
郑州|高新区|1室1厅|67.14|东|简装|23|塔楼|84
郑州|高新区|2室1厅|40.31|北|简装|20|板塔结合|65
郑州|高新区|2室2厅|67.14|东北|简装|23|塔楼|81
郑州|高新区|2室1厅|38.83|南|其他|20|板塔结合|59
郑州|高新区|2室1厅|40.31|北|简装|20|板塔结合|65
郑州|高新区|1室1厅|67.14|东|简装|23|塔楼|84
郑州|高新区|1室1厅|57.42|南北|简装|27|板楼|66
郑州|高新区|3室2厅|103.71|南东南|毛坯|33|板楼|148
郑州|高新区|2室2厅|87.66|南|毛坯|33|板楼|120
郑州|高新区|2室2厅|93.26|南北|精装|16|板塔结合|140
郑州|高新区|3室1厅|145.28|南北|精装|7|板楼|305
郑州|高新区|3室1厅|145.28|南北|毛坯|34|板塔结合|148
郑州|高新区|2室2厅|79.53|南|毛坯|27|板塔结合|150
郑州|高新区|3室1厅|116.24|南北|毛坯|34|板塔结合|146
郑州|高新区|2室1厅|68.59|西北|其他|34|板塔结合|93
郑州|高新区|2室1厅|68.71|南北|其他|6|板楼|68
郑州|高新区|3室1厅|82.53|南|其他|34|板塔结合|127
郑州|高新区|2室2厅|94.06|南|其他|6|板楼|98
郑州|高新区|3室2厅|112.83|西南|毛坯|33|板楼|135
郑州|高新区|2室1厅|71.17|南北|精装|6|板楼|75
郑州|高新区|2室1厅|81.89|东|精装|33|板塔结合|110
郑州|高新区|2室1厅|81.89|东|精装|34|板塔结合|91
郑州|高新区|3室2厅|88.16|西南|精装|34|板楼|117
郑州|高新区|3室2厅|88.16|南北|其他|33|板塔结合|118
郑州|高新区|2室2厅|85.94|南|简装|6|板楼|125
郑州|高新区|2室2厅|84.02|南北|简装|6|板楼|106
郑州|高新区|3室2厅|108.27|南北|毛坯|33|板塔结合|131
郑州|高新区|3室2厅|108.27|南|简装|34|板塔结合|105
郑州|高新区|2室2厅|84.24|南|简装|15|板楼|105
郑州|高新区|2室1厅|88.41|南北|精装|6|板楼|114
郑州|高新区|3室2厅|115.41|东西|毛坯|6|板楼|308
郑州|高新区|2室1厅|115.41|东北|其他|33|板塔结合|99
郑州|高新区|2室1厅|81.08|东南|毛坯|33|板楼|106
郑州|高新区|2室1厅|81.08|南北|其他|25|板楼|105
郑州|高新区|2室1厅|81.08|东北|其他|33|板塔结合|99
郑州|高新区|3室1厅|86.32|南北|其他|34|板楼|205
郑州|高新区|3室2厅|145.28|南北|其他|7|板楼|295
郑州|高新区|3室2厅|145.28|南北|精装|6|板楼|145
郑州|高新区|3室2厅|87.64|南北|其他|34|板塔结合|95
郑州|高新区|3室2厅|89.37|东|简装|34|板楼|167
郑州|高新区|3室1厅|88.08|南北|其他|33|板楼|128
郑州|高新区|2室1厅|77.66|南|精装|34|塔楼|94
郑州|高新区|2室2厅|100.93|南|简装|17|板楼|102
郑州|高新区|3室2厅|100.93|南|精装|33|板楼|130
郑州|高新区|3室2厅|106.81|南北|毛坯|34|板楼|138
郑州|高新区|2室1厅|76.85|南|其他|34|板楼|97
郑州|高新区|1室2厅|57.68|南北|简装|6|板楼|52
郑州|高新区|3室1厅|89.65|南|其他|34|板塔结合|126
郑州|高新区|3室2厅|97.73|南北|其他|15|板楼|121
郑州|高新区|3室2厅|97.73|南|精装|33|板楼|146
郑州|高新区|3室2厅|88.97|东南|精装|33|塔楼|138
郑州|高新区|3室2厅|88.16|南|毛坯|33|板塔结合|115
郑州|高新区|2室2厅|86.36|南|简装|15|板楼|101
郑州|高新区|3室2厅|88.37|南北|毛坯|34|板楼|190
郑州|高新区|3室2厅|112.34|南北|精装|33|塔楼|166
郑州|高新区|3室2厅|89.71|东南|精装|30|塔楼|138
郑州|高新区|3室2厅|84.64|西南|简装|33|板塔结合|124
郑州|高新区|3室2厅|87.97|南北|精装|34|板塔结合|150
郑州|高新区|2室2厅|87.95|南|简装|6|板楼|89
郑州|高新区|3室2厅|93.26|西南|其他|27|板楼|120
郑州|高新区|3室2厅|82.11|东南|精装|33|板楼|122
郑州|高新区|3室2厅|88.91|南|精装|33|板楼|115
郑州|高新区|3室2厅|121.47|南北|精装|8|板楼|210
郑州|高新区|3室1厅|89.53|西南|精装|34|板塔结合|118
郑州|高新区|3室2厅|123.57|南北|精装|27|板楼|165
郑州|高新区|3室1厅|133.67|南北|精装|33|板塔结合|180
郑州|高新区|3室2厅|88.25|南北|精装|34|板楼|118
郑州|高新区|4室2厅|177.71|南北|精装|16|板塔结合|264
郑州|高新区|4室1厅|129.67|南|毛坯|34|塔楼|248
郑州|高新区|3室1厅|99.87|南|其他|34|板塔结合|142
郑州|高新区|3室2厅|95.94|南北|其他|6|板楼|125
郑州|高新区|3室2厅|88.64|西|精装|34|板楼|124
郑州|高新区|3室1厅|87.75|东南北|精装|34|板楼|122
郑州|高新区|5室3厅|178.19|南北|简装|6|板楼|160
郑州|高新区|3室2厅|178.19|南北|精装|34|板楼|120
郑州|高新区|2室1厅|87.45|南|精装|18|塔楼|260
郑州|高新区|3室2厅|92.41|南北|简装|24|板楼|143
郑州|高新区|3室2厅|81.14|南|精装|34|板塔结合|126
郑州|高新区|3室2厅|81.14|南|简装|32|板楼|198
郑州|高新区|4室1厅|81.98|南|精装|11|板楼|120
郑州|高新区|3室2厅|107.61|南北|精装|6|板楼|107
郑州|高新区|3室2厅|109.02|东南|简装|18|塔楼|1175
郑州|高新区|3室2厅|109.02|南北|其他|34|板塔结合|148
郑州|高新区|3室2厅|89.17|南|精装|27|板塔结合|165
郑州|高新区|3室1厅|88.53|东南|简装|18|板楼|128
郑州|高新区|3室1厅|113.64|西南|其他|29|塔楼|168
郑州|高新区|3室1厅|111.66|南|其他|18|塔楼|138
郑州|高新区|4室2厅|111.66|南|其他|34|板塔结合|175
郑州|高新区|3室2厅|90.67|南|其他|32|板塔结合|127
郑州|高新区|3室2厅|130.12|东|精装|34|板塔结合|270
郑州|高新区|3室2厅|119.17|南北|精装|33|板楼|145
郑州|高新区|3室2厅|141.39|南北|精装|34|板楼|185
郑州|高新区|3室2厅|93.26|西南|简装|27|板楼|128
郑州|高新区|3室2厅|88.77|南|简装|34|板楼|111
郑州|高新区|3室2厅|108.96|东南南|毛坯|18|板塔结合|120
郑州|高新区|3室2厅|89.54|南|精装|34|板塔结合|128
郑州|高新区|3室2厅|95.64|南|精装|6|板楼|135
郑州|高新区|3室2厅|88.77|南|简装|34|板楼|111
郑州|高新区|4室2厅|186.76|南北|精装|16|板塔结合|299
郑州|高新区|4室2厅|124.67|南北|精装|6|板楼|123
郑州|高新区|3室1厅|124.67|西南|毛坯|18|塔楼|112
郑州|高新区|3室1厅|124.67|南北|精装|34|板楼|164
郑州|高新区|2室1厅|52.69|北|简装|19|塔楼|63
郑州|高新区|1室1厅|42.66|北|精装|18|板楼|30
郑州|高新区|1室0厅|42.66|南|精装|28|塔楼|386
郑州|高新区|1室1厅|32.64|北|精装|28|塔楼|248
郑州|高新区|1室1厅|37.17|南|精装|28|板楼|35
郑州|高新区|3室2厅|37.17|东南|毛坯|34|板塔结合|116
郑州|高新区|1室1厅|46.36|西北|简装|28|塔楼|486
郑州|高新区|1室1厅|53.89|东南|精装|30|塔楼|435
郑州|高新区|1室1厅|34.71|南|精装|29|板塔结合|278
郑州|高新区|2室1厅|53.33|北|简装|19|塔楼|64
郑州|高新区|1室1厅|57.25|东南|精装|23|塔楼|79
郑州|高新区|2室1厅|82.15|西北|毛坯|33|板塔结合|105
郑州|高新区|1室1厅|53.89|东北|精装|30|塔楼|50
郑州|高新区|1室0厅|31.61|西|精装|29|板塔结合|193
郑州|高新区|1室0厅|33.35|西|精装|9|板楼|38
郑州|高新区|1室0厅|48.82|西|简装|24|板塔结合|50
郑州|高新区|2室1厅|57.96|南北|精装|9|塔楼|115
郑州|高新区|1室0厅|35.02|南|精装|29|板塔结合|39
郑州|高新区|1室0厅|35.02|南北|毛坯|15|板楼|33
郑州|高新区|3室2厅|127.73|南北|精装|34|板楼|212
郑州|高新区|3室2厅|83.67|南北|精装|33|板楼|106
郑州|高新区|2室1厅|83.67|东|简装|33|板塔结合|90
郑州|高新区|2室2厅|83.67|南|精装|13|板楼|70
郑州|高新区|2室1厅|48.07|东|其他|20|板楼|61
郑州|高新区|2室2厅|89.52|南|简装|6|板楼|95
郑州|高新区|3室2厅|89.52|南|精装|33|板楼|118
郑州|高新区|3室1厅|89.52|南|简装|34|板楼|128
郑州|高新区|3室2厅|87.51|西|精装|10|板楼|160
郑州|高新区|2室2厅|93.26|东南|精装|16|板塔结合|1125
郑州|高新区|2室1厅|93.26|西|简装|20|板楼|49
郑州|高新区|1室1厅|45.91|南|精装|34|板塔结合|42
郑州|高新区|1室1厅|49.86|西|精装|24|板塔结合|62
郑州|高新区|2室2厅|49.86|东南|精装|20|板楼|583
郑州|高新区|2室2厅|72.83|东北|简装|33|板塔结合|95
郑州|高新区|2室2厅|85.07|南|简装|7|板楼|90
郑州|高新区|3室2厅|82.99|南|简装|34|板塔结合|130
郑州|高新区|2室2厅|82.99|东南|精装|34|板塔结合|106
郑州|高新区|3室2厅|90.34|南|其他|34|板塔结合|128
郑州|高新区|2室2厅|90.34|南|精装|13|板楼|515
郑州|高新区|3室2厅|97.73|南北|精装|15|板楼|131
郑州|高新区|2室2厅|90.48|东北|精装|15|板楼|108
郑州|高新区|2室2厅|81.81|北|简装|33|板塔结合|108
郑州|高新区|2室1厅|38.79|南北|简装|33|板楼|52
郑州|高新区|2室1厅|76.98|西|精装|33|板塔结合|111
郑州|高新区|2室1厅|83.16|东南|精装|34|板塔结合|107
郑州|高新区|2室2厅|79.74|南|精装|26|板楼|1195
郑州|高新区|3室1厅|93.47|东南|精装|6|板楼|1125
郑州|高新区|3室1厅|86.82|南|毛坯|34|板楼|121
郑州|高新区|2室1厅|81.85|西北|精装|33|板楼|1045
郑州|高新区|3室1厅|89.82|南|精装|33|塔楼|132
郑州|高新区|2室1厅|42.01|东东南|精装|21|板楼|41
郑州|高新区|2室2厅|42.01|南北|简装|6|板楼|92
郑州|高新区|2室1厅|42.01|东东南|精装|21|板楼|41
郑州|高新区|3室1厅|89.82|南|精装|33|塔楼|132
郑州|高新区|3室1厅|86.82|南|毛坯|34|板楼|121
郑州|高新区|2室1厅|81.85|西北|精装|33|板楼|1045
郑州|高新区|2室2厅|86.52|东南|简装|26|塔楼|107
郑州|高新区|3室2厅|87.65|东南|精装|33|板塔结合|1699
郑州|高新区|3室1厅|81.53|南|简装|19|板塔结合|89
郑州|高新区|3室2厅|89.71|南北|精装|30|塔楼|135
郑州|高新区|3室2厅|83.95|南|精装|34|板楼|113
郑州|高新区|3室1厅|98.38|南|精装|26|板楼|160
郑州|高新区|2室2厅|69.85|北南|简装|6|板楼|83
郑州|高新区|3室1厅|87.31|南|精装|33|板楼|132
郑州|高新区|3室2厅|109.72|东南南|精装|18|板塔结合|141
郑州|高新区|3室2厅|88.15|东南南|精装|34|板楼|123
郑州|高新区|2室1厅|48.07|东|简装|20|板楼|45
郑州|高新区|1室0厅|42.89|东|其他|44|塔楼|30
郑州|高新区|2室1厅|38.83|南|其他|20|板塔结合|61
郑州|高新区|1室0厅|46.91|南|精装|24|板塔结合|53
郑州|高新区|1室0厅|48.82|东|毛坯|24|板塔结合|55
郑州|高新区|1室1厅|35.02|北|精装|29|板塔结合|34
郑州|高新区|2室2厅|90.48|东北|其他|15|板楼|109
郑州|高新区|2室1厅|58.81|北南|毛坯|6|板楼|605
郑州|高新区|2室1厅|85.27|东南|其他|11|板楼|108
郑州|高新区|1室0厅|29.42|西|简装|6|板楼|43
郑州|高新区|2室1厅|82.03|东南|其他|15|板楼|143
郑州|高新区|1室1厅|48.07|东|简装|20|板楼|48
郑州|高新区|1室1厅|48.07|南|其他|29|板塔结合|26
郑州|高新区|2室2厅|81.89|东|毛坯|33|板塔结合|97
郑州|高新区|1室0厅|32.84|北|精装|28|板塔结合|38
郑州|高新区|2室1厅|48.53|南|其他|20|板塔结合|86
郑州|高新区|1室2厅|63.71|东北|其他|27|板塔结合|55
郑州|高新区|1室1厅|36.09|南|精装|13|板塔结合|43
郑州|高新区|2室1厅|74.97|西南|其他|23|板楼|90
郑州|高新区|2室2厅|74.97|南北|简装|6|板楼|84
郑州|高新区|1室1厅|47.73|北|精装|33|板塔结合|675
郑州|高新区|2室1厅|37.41|东西|简装|9|板楼|56
郑州|高新区|2室1厅|66.56|东南南|精装|33|板塔结合|95
郑州|高新区|2室1厅|37.85|南|精装|20|板塔结合|70
郑州|高新区|1室1厅|37.85|西|精装|29|板塔结合|40
郑州|高新区|1室1厅|37.85|南|其他|44|塔楼|295
郑州|高新区|2室2厅|77.83|南|其他|24|板楼|110
郑州|高新区|2室2厅|77.83|南|简装|15|板楼|1095
郑州|高新区|3室1厅|89.96|东南|其他|34|板楼|125
郑州|高新区|3室2厅|127.73|北南|毛坯|34|板楼|218
郑州|高新区|3室2厅|142.19|南北|简装|33|板塔结合|215
郑州|高新区|2室2厅|72.17|西北|精装|33|板塔结合|90
郑州|高新区|2室1厅|79.32|南|简装|34|板楼|104
郑州|高新区|2室1厅|77.44|南|简装|34|板楼|103
郑州|高新区|2室2厅|87.89|东|其他|28|塔楼|86
郑州|高新区|2室1厅|86.21|南|精装|11|板楼|112
郑州|高新区|3室2厅|103.56|南北|精装|34|板塔结合|130
郑州|高新区|3室2厅|108.76|南|其他|26|板楼|193
郑州|高新区|4室2厅|110.05|东|精装|30|板塔结合|230
郑州|高新区|3室1厅|89.71|南|精装|26|塔楼|150
郑州|高新区|2室2厅|90.39|南北|精装|33|板楼|135
郑州|高新区|3室2厅|98.19|南北|其他|11|板楼|130
郑州|高新区|2室1厅|72.96|北|精装|32|板塔结合|95
郑州|高新区|2室1厅|74.97|东南|简装|23|板楼|100
郑州|高新区|3室1厅|88.73|南北|精装|33|塔楼|135
郑州|高新区|3室2厅|111.57|南|精装|33|板楼|170
郑州|高新区|2室1厅|67.14|东南|简装|23|塔楼|81
郑州|高新区|2室2厅|86.24|南|其他|33|板塔结合|118
郑州|高新区|2室2厅|77.95|西|精装|24|板楼|103
郑州|高新区|3室2厅|81.59|南|精装|34|板塔结合|130
郑州|高新区|3室2厅|112.08|南北|精装|34|板塔结合|168
郑州|高新区|3室2厅|88.71|西南|其他|34|板楼|203
郑州|高新区|2室1厅|68.36|东南|简装|27|板楼|82
郑州|高新区|3室1厅|95.98|东|其他|26|板楼|1465
郑州|高新区|4室2厅|96.69|南北|其他|20|板楼|188
郑州|高新区|3室2厅|96.69|南北|其他|34|板楼|172
郑州|高新区|3室2厅|106.34|南北|毛坯|27|板楼|123
郑州|高新区|2室1厅|71.84|南北|其他|18|板楼|102
郑州|高新区|2室2厅|89.53|南|精装|34|板楼|130
郑州|高新区|2室1厅|90.05|南|简装|11|板楼|113
郑州|高新区|3室2厅|88.91|南|其他|33|板楼|118
郑州|高新区|2室2厅|75.27|南北|精装|34|板楼|100
郑州|高新区|3室2厅|88.82|南北|精装|30|板楼|123
郑州|高新区|2室1厅|57.04|南北|其他|6|板楼|51
郑州|高新区|2室2厅|84.24|南|精装|15|板楼|115
郑州|高新区|2室1厅|76.86|南|精装|34|板楼|95
郑州|高新区|2室2厅|68.89|北|简装|33|板塔结合|85
郑州|高新区|3室2厅|88.24|东南|精装|34|板楼|115
郑州|高新区|3室2厅|109.95|南北|其他|34|板塔结合|156
郑州|高新区|3室2厅|89.53|南|毛坯|34|板塔结合|112
郑州|高新区|3室2厅|92.04|南|毛坯|26|板楼|125
郑州|高新区|3室2厅|110.24|南|其他|15|暂无数据|78
郑州|高新区|2室2厅|77.78|东北|精装|34|板楼|97
郑州|高新区|3室2厅|82.35|南|其他|33|塔楼|120
郑州|高新区|2室1厅|54.14|南|其他|6|板楼|66
郑州|高新区|2室2厅|69.96|南北|精装|34|板塔结合|966
郑州|高新区|3室2厅|82.35|南|其他|33|塔楼|120
郑州|高新区|2室1厅|54.14|南|其他|6|板楼|66
郑州|高新区|3室2厅|134.06|南|其他|15|板塔结合|100
郑州|高新区|3室2厅|85.84|南|精装|34|板楼|142
郑州|高新区|3室2厅|117.37|南北|精装|25|板塔结合|178
郑州|高新区|3室1厅|47.95|北|精装|20|板塔结合|83
郑州|高新区|3室2厅|47.95|南北|简装|6|板楼|140
郑州|高新区|2室2厅|76.91|南|精装|30|板楼|110
郑州|高新区|3室2厅|109.09|南北|精装|18|塔楼|120
郑州|高新区|3室2厅|109.09|南|精装|26|板楼|129
郑州|高新区|2室2厅|86.55|西南|简装|26|塔楼|115
郑州|高新区|3室1厅|122.79|南北|简装|6|板楼|140
郑州|高新区|3室2厅|88.32|南|简装|34|板楼|142
郑州|高新区|3室2厅|126.72|南北|精装|34|板楼|240
郑州|高新区|3室1厅|82.35|南|精装|33|板楼|120
郑州|高新区|3室1厅|82.35|南|精装|20|板塔结合|76
郑州|高新区|3室2厅|82.35|南|精装|33|塔楼|120
郑州|高新区|3室1厅|88.32|南|精装|34|板楼|128
郑州|高新区|2室2厅|93.11|南北|其他|6|板楼|120
郑州|高新区|3室2厅|99.62|南北|精装|15|板楼|131
郑州|高新区|3室2厅|112.34|南|精装|26|塔楼|170
郑州|高新区|2室2厅|94.54|南北|精装|6|板楼|100
郑州|高新区|2室2厅|90.46|东南|简装|34|板楼|113
郑州|高新区|3室2厅|108.79|南北|简装|26|塔楼|122
郑州|高新区|2室2厅|108.79|北南|精装|6|板楼|105
郑州|高新区|2室2厅|88.52|南|精装|26|板楼|115
郑州|高新区|2室1厅|68.71|南北|简装|6|板楼|728
郑州|高新区|3室2厅|90.16|南|简装|34|板塔结合|126
郑州|高新区|3室1厅|85.37|南|精装|34|板楼|120
郑州|高新区|2室2厅|89.62|南|精装|34|板塔结合|120
郑州|高新区|1室1厅|59.48|东南|其他|23|塔楼|75
郑州|高新区|3室2厅|89.06|南北|精装|26|板楼|145
郑州|高新区|3室2厅|88.89|北南|精装|34|板楼|1235
郑州|高新区|3室2厅|88.89|东南西北|精装|5|板楼|215
郑州|高新区|3室1厅|85.37|南|精装|34|板楼|120
郑州|高新区|3室1厅|88.14|南|精装|21|板楼|1385
郑州|高新区|4室2厅|143.49|南北|精装|20|板楼|256
郑州|高新区|3室2厅|88.21|南|精装|33|塔楼|126
郑州|高新区|3室2厅|88.03|东北|精装|15|板塔结合|101
郑州|高新区|1室0厅|38.65|南|其他|44|塔楼|35
郑州|高新区|3室2厅|46.93|南|简装|18|板楼|45
郑州|高新区|1室1厅|40.08|东南|精装|29|板塔结合|36
郑州|高新区|1室1厅|35.02|北|其他|29|板塔结合|31
郑州|高新区|1室0厅|52.58|南|精装|28|塔楼|62
郑州|高新区|2室1厅|48.46|东北|简装|19|板楼|53
郑州|高新区|2室1厅|40.22|东|精装|15|板塔结合|40
郑州|高新区|2室2厅|45.86|北|毛坯|33|板楼|43
郑州|高新区|1室0厅|48.07|西|简装|20|板楼|49
郑州|高新区|1室0厅|56.27|北|简装|44|塔楼|54
郑州|高新区|1室0厅|50.22|南|精装|30|塔楼|478
郑州|高新区|1室0厅|24.54|北|精装|31|塔楼|26
郑州|高新区|3室1厅|48.14|西|精装|15|板塔结合|45
郑州|高新区|1室0厅|49.25|西|简装|20|板楼|45
郑州|高新区|2室1厅|75.76|南|简装|34|板塔结合|74
郑州|高新区|1室0厅|49.86|东|精装|24|板塔结合|51
郑州|高新区|2室1厅|69.29|南|精装|27|板楼|49
郑州|高新区|1室0厅|24.54|北|精装|31|塔楼|26
郑州|高新区|2室2厅|74.84|南|精装|33|塔楼|104
郑州|高新区|1室1厅|49.86|东|简装|24|板塔结合|65
郑州|高新区|1室1厅|43.34|南|简装|33|板楼|38
郑州|高新区|1室1厅|49.86|东|简装|24|板塔结合|65
郑州|高新区|1室0厅|48.82|西|其他|24|板塔结合|70
郑州|高新区|1室1厅|46.91|南|简装|24|板塔结合|59
郑州|高新区|1室1厅|42.16|南|毛坯|21|板楼|42
郑州|高新区|1室1厅|61.44|南|简装|24|板塔结合|73
郑州|高新区|1室0厅|61.44|西|其他|24|板塔结合|55
郑州|高新区|2室2厅|41.21|东北|精装|15|板塔结合|50
郑州|高新区|2室1厅|75.73|南|其他|34|板塔结合|65
郑州|高新区|2室2厅|91.74|西南|其他|34|板塔结合|113
郑州|高新区|2室1厅|93.58|南北|简装|6|板楼|110
郑州|高新区|2室1厅|35.77|北|其他|18|板楼|36
郑州|高新区|1室1厅|61.44|西南|精装|24|板塔结合|75
郑州|高新区|1室0厅|46.91|西北|简装|24|板塔结合|57
郑州|高新区|1室0厅|41.98|北|其他|28|塔楼|36
郑州|高新区|1室1厅|73.55|东北|精装|23|塔楼|80
郑州|高新区|1室1厅|57.34|南北|精装|23|塔楼|80
郑州|高新区|2室1厅|39.13|南|其他|15|板楼|39
郑州|高新区|1室1厅|39.13|西|简装|24|板塔结合|42
郑州|高新区|1室1厅|48.82|东|其他|24|板塔结合|49
郑州|高新区|1室0厅|48.82|西|其他|24|板塔结合|46
郑州|高新区|1室1厅|49.86|南北|简装|24|板塔结合|508
郑州|高新区|2室2厅|75.76|南|精装|34|板塔结合|65
郑州|高新区|1室0厅|48.83|西|精装|24|板塔结合|50
郑州|高新区|1室0厅|32.84|北|其他|28|板塔结合|377
郑州|高新区|2室1厅|100.93|南|简装|17|板楼|107
郑州|高新区|1室0厅|100.93|东|精装|24|板塔结合|52
郑州|高新区|1室1厅|40.83|北|简装|20|板塔结合|65
郑州|高新区|2室1厅|56.59|南北|其他|5|板楼|52
郑州|高新区|2室1厅|55.92|西北|其他|17|板楼|76
郑州|高新区|2室1厅|76.61|南|毛坯|34|板楼|90
郑州|高新区|2室2厅|89.44|南北|简装|17|板楼|115
郑州|高新区|2室1厅|61.19|南|简装|23|塔楼|73
郑州|高新区|2室2厅|86.68|南|精装|26|板楼|125
郑州|高新区|2室1厅|42.01|东|其他|21|板楼|39
郑州|高新区|2室1厅|40.31|北|简装|20|板塔结合|59
郑州|高新区|1室0厅|40.31|西|简装|24|板塔结合|51
郑州|高新区|2室2厅|77.71|南北|其他|17|板楼|112
郑州|高新区|2室1厅|39.13|东|简装|44|塔楼|87
郑州|高新区|3室2厅|85.14|南西|精装|33|板楼|120
郑州|高新区|3室1厅|142.19|东南|精装|33|板塔结合|213
郑州|高新区|3室2厅|142.19|南西|毛坯|27|板塔结合|150
郑州|高新区|3室2厅|90.36|南|精装|33|板塔结合|123
郑州|高新区|3室1厅|90.36|南北|精装|33|板楼|122
郑州|高新区|1室1厅|45.62|东|精装|44|塔楼|44
郑州|高新区|2室2厅|74.72|南北|其他|34|板塔结合|65
郑州|高新区|3室2厅|84.49|东北|简装|11|板楼|102
郑州|高新区|2室2厅|90.93|南|简装|15|板塔结合|116
郑州|高新区|2室2厅|85.38|南|精装|15|板楼|130
郑州|高新区|3室2厅|126.48|南北|精装|34|板楼|193
郑州|高新区|3室2厅|90.26|南|简装|18|板塔结合|126
郑州|高新区|2室1厅|89.97|南|精装|18|板塔结合|115
郑州|高新区|3室2厅|124.87|南北|精装|27|板楼|172
郑州|高新区|2室1厅|124.87|北|简装|20|板塔结合|70
郑州|高新区|1室0厅|47.49|东|其他|9|板楼|54
郑州|高新区|2室2厅|83.41|南北|精装|6|塔楼|103
郑州|高新区|2室1厅|40.83|北|简装|20|板塔结合|65
郑州|高新区|4室2厅|51.86|北南|精装|5|板楼|100
郑州|高新区|2室2厅|91.17|南|精装|28|板塔结合|120
郑州|高新区|6室3厅|162.01|南北|其他|6|板楼|420
郑州|高新区|4室2厅|81.85|北东北|毛坯|6|板楼|196
郑州|高新区|5室3厅|214.39|南北|毛坯|3|板楼|560
郑州|高新区|9室3厅|148.65|南北|精装|15|板楼|225
郑州|高新区|5室2厅|145.66|南北|精装|15|板楼|210
郑州|高新区|2室1厅|38.24|北|简装|20|板塔结合|55
郑州|高新区|2室2厅|87.71|南|简装|18|板楼|125
郑州|高新区|5室3厅|256.65|南北|精装|15|板楼|380
郑州|高新区|4室2厅|128.87|东南南|精装|15|板塔结合|195
郑州|高新区|3室2厅|89.08|南北|精装|33|板塔结合|180
郑州|高新区|4室2厅|160.14|东南|其他|15|板楼|230
郑州|高新区|1室0厅|47.13|东|简装|9|板楼|45
郑州|高新区|1室0厅|42.27|东|简装|9|板楼|40
郑州|高新区|1室0厅|44.99|东|简装|9|板楼|42
郑州|高新区|6室7厅|44.99|南|精装|14|板楼|410
郑州|高新区|3室2厅|106.34|南北|简装|27|板楼|127
郑州|高新区|2室1厅|77.44|南|其他|34|板楼|115
郑州|高新区|3室2厅|87.27|南|其他|34|板楼|128
郑州|高新区|3室1厅|89.63|南北|其他|34|板楼|136
郑州|高新区|3室2厅|89.63|西南|简装|33|板塔结合|120
郑州|高新区|2室1厅|66.34|南|精装|23|板楼|80
郑州|高新区|2室2厅|68.89|东北|简装|33|板塔结合|92
郑州|高新区|3室2厅|113.44|南西|精装|26|板楼|158
郑州|高新区|2室2厅|88.68|西南|简装|6|板楼|80
郑州|高新区|2室2厅|82.57|东南|精装|27|板楼|105
郑州|高新区|3室1厅|75.19|南西南北|精装|20|板塔结合|112
郑州|高新区|1室0厅|24.08|北|简装|31|塔楼|26
郑州|高新区|4室1厅|24.08|南|简装|18|塔楼|105
郑州|高新区|1室1厅|87.89|西南|简装|28|塔楼|88
郑州|高新区|2室1厅|45.09|南|精装|20|板楼|58
郑州|高新区|3室2厅|104.27|南北|简装|6|暂无数据|104
郑州|高新区|1室1厅|45.91|南|精装|34|板塔结合|41
郑州|高新区|3室1厅|94.43|南北|精装|33|板楼|152
郑州|高新区|3室2厅|94.43|南西|简装|7|板塔结合|162
郑州|高新区|3室2厅|94.43|南西|简装|34|板塔结合|145
郑州|高新区|2室1厅|35.12|北|其他|19|板塔结合|45
郑州|高新区|2室1厅|34.56|北|其他|19|板塔结合|45
郑州|高新区|3室2厅|136.64|南北|其他|7|板楼|300
郑州|高新区|2室2厅|84.05|南|简装|6|板楼|110
郑州|高新区|3室2厅|117.39|南北|精装|35|暂无数据|145
郑州|高新区|2室2厅|117.39|东东南南西南|毛坯|15|板楼|108
郑州|高新区|3室2厅|88.61|南|精装|35|板楼|115
郑州|高新区|3室2厅|87.48|南北|简装|33|板塔结合|178
郑州|高新区|2室2厅|87.83|南|其他|18|板楼|115
郑州|高新区|1室1厅|76.91|西南|其他|28|塔楼|769
郑州|高新区|2室2厅|90.26|南北|简装|11|板塔结合|99
郑州|高新区|3室2厅|108.39|东南|精装|18|板楼|165
郑州|高新区|3室1厅|85.11|南|其他|34|板楼|117
郑州|高新区|3室2厅|89.81|南|简装|32|板塔结合|155
郑州|高新区|4室2厅|190.71|东南|毛坯|7|暂无数据|520
郑州|高新区|2室1厅|59.87|南|精装|34|板楼|668
郑州|高新区|2室1厅|35.74|东|其他|9|板楼|598
郑州|高新区|1室1厅|47.73|北|简装|33|板塔结合|73
郑州|高新区|6室3厅|126.08|南北|毛坯|3|板楼||608万
郑州|高新区|2室1厅|78.56|南|其他|34|板楼|185
郑州|高新区|3室1厅|89.31|南东南|精装|34|板楼|154
郑州|高新区|4室3厅|77.18|南北|精装|20|板塔结合|126
郑州|高新区|2室1厅|47.77|西|简装|20|板楼|45
郑州|高新区|1室0厅|40.52|南|简装|28|板楼|29
郑州|高新区|1室0厅|40.57|北|简装|23|塔楼|53
郑州|高新区|3室2厅|129.41|南西南|毛坯|34|板楼|176
郑州|高新区|3室1厅|46.93|南|精装|18|板楼|51
郑州|高新区|2室1厅|69.81|南|简装|30|板塔结合|56
郑州|高新区|2室2厅|69.81|南|精装|7|板楼|112
郑州|高新区|1室0厅|35.68|北|简装|18|板塔结合|45
郑州|高新区|2室2厅|89.14|南北|精装|15|板楼|130
郑州|高新区|4室2厅|130.62|南北|精装|33|板塔结合|2895
郑州|高新区|2室1厅|87.11|南|其他|31|板楼|133
郑州|高新区|1室1厅|45.87|南|简装|34|板塔结合|45
郑州|高新区|2室1厅|45.87|南|精装|16|板楼|117
郑州|高新区|3室1厅|45.87|西南|精装|18|板楼|200
郑州|高新区|3室2厅|120.53|南北|简装|32|板塔结合|210
郑州|高新区|2室1厅|120.53|西|其他|9|板楼|60
郑州|高新区|2室1厅|120.53|东南|精装|20|板塔结合|68
郑州|高新区|3室2厅|128.14|东南|毛坯|34|板楼|148
